{"type":"FeatureCollection","package_version":"6.15.0","features":[{"type":"Feature","id":"001111","properties":{"clc":"001111","site_code":"m0000009","country":"CA","name_en":"Juan de Fuca Strait - east entrance","nom_fr":"d\u00e9troit de Juan de Fuca - entr\u00e9e est","label_lon":-123.38502,"label_lat":48.33588,"color":1},"geometry":{"type":"Polygon","coordinates":[[[-123.41742,48.2497],[-123.42605,48.24763],[-123.5054,48.38831],[-123.45,48.43],[-123.35,48.41],[-123.31329,48.4164],[-123.30231,48.41004],[-123.29353,48.4106],[-123.13215,48.40789],[-123.13035,48.40968],[-123.12958,48.40779],[-123.2486,48.28417],[-123.41742,48.2497]]]}},{"type":"Feature","id":"001112","properties":{"clc":"001112","site_code":"m0000009","country":"CA","name_en":"Juan de Fuca Strait - central strait","nom_fr":"d\u00e9troit de Juan de Fuca - partie centrale","label_lon":-124.35364,"label_lat":48.45552,"color":1},"geometry":{"type":"Polygon","coordinates":[[[-123.53433,48.33758],[-123.54627,48.34084],[-123.56285,48.34744],[-123.56569,48.35058],[-123.56946,48.3512],[-123.57093,48.35061],[-123.53098,48.38638],[-123.50498,48.38748],[-123.42605,48.24763],[-123.54,48.22],[-123.69,48.24],[-124.02,48.29],[-124.21833,48.34605],[-124.51284,48.42928],[-124.45536,48.53139],[-124.44915,48.53397],[-124.31119,48.52028],[-124.28182,48.4886],[-123.98849,48.40903],[-123.95454,48.40062],[-123.91967,48.38351],[-123.87,48.38],[-123.84365,48.37242],[-123.82,48.36],[-123.7635,48.37244],[-123.75209,48.36089],[-123.73876,48.35568],[-123.73241,48.3539],[-123.72388,48.35534],[-123.71119,48.33513],[-123.70706,48.33425],[-123.70236,48.33726],[-123.69612,48.33838],[-123.68885,48.34309],[-123.66552,48.33],[-123.5378,48.33],[-123.53433,48.33758]]]}},{"type":"Feature","id":"001113","properties":{"clc":"001113","site_code":"m0000009","country":"CA","name_en":"Juan de Fuca Strait - west entrance","nom_fr":"d\u00e9troit de Juan de Fuca - entr\u00e9e ouest","label_lon":-124.55082,"label_lat":48.49758,"color":2},"geometry":{"type":"Polygon","coordinates":[[[-124.65942,48.58573],[-124.62406,48.56955],[-124.61883,48.56951],[-124.61482,48.56711],[-124.61214,48.56551],[-124.60782,48.56572],[-124.56223,48.55661],[-124.56054,48.55605],[-124.5599,48.55614],[-124.45576,48.53462],[-124.44915,48.53397],[-124.45536,48.53139],[-124.48446,48.47976],[-124.51284,48.42928],[-124.63456,48.4632],[-124.72953,48.48952],[-124.77448,48.546],[-124.71699,48.59723],[-124.70501,48.60654],[-124.69814,48.60341],[-124.65942,48.58573]]]}},{"type":"Feature","id":"001120","properties":{"clc":"001120","site_code":"m0000064","country":"CA","name_en":"Haro Strait","nom_fr":"d\u00e9troit de Haro","label_lon":-123.29238,"label_lat":48.55477,"color":2},"geometry":{"type":"Polygon","coordinates":[[[-123.30176,48.47786],[-123.30706,48.48999],[-123.31493,48.4856],[-123.36372,48.51486],[-123.36517,48.52464],[-123.365,48.5333],[-123.36095,48.54199],[-123.36153,48.54598],[-123.36459,48.54893],[-123.36085,48.55742],[-123.36485,48.5593],[-123.368,48.56271],[-123.368,48.57665],[-123.37156,48.58238],[-123.37139,48.58935],[-123.38426,48.59191],[-123.39086,48.59441],[-123.38985,48.5968],[-123.38799,48.59857],[-123.38924,48.60004],[-123.3925,48.60118],[-123.39424,48.60841],[-123.39792,48.61135],[-123.40706,48.62607],[-123.40712,48.63085],[-123.40289,48.63598],[-123.39289,48.6457],[-123.3944,48.65046],[-123.39665,48.65355],[-123.39479,48.65839],[-123.39411,48.6621],[-123.39718,48.67413],[-123.39825,48.67565],[-123.39697,48.67632],[-123.40313,48.68255],[-123.40125,48.68776],[-123.41329,48.69023],[-123.44004,48.69937],[-123.44715,48.69879],[-123.4511,48.69723],[-123.45307,48.69937],[-123.45319,48.71003],[-123.41838,48.71757],[-123.27,48.69],[-123.26687,48.69096],[-123.21894,48.54872],[-123.16,48.46],[-123.13964,48.43963],[-123.11576,48.42326],[-123.11576,48.42218],[-123.1173,48.42058],[-123.12958,48.40779],[-123.13035,48.40968],[-123.13215,48.40789],[-123.29314,48.4106],[-123.30574,48.42903],[-123.3046,48.42965],[-123.29954,48.43759],[-123.2942,48.43853],[-123.29442,48.43943],[-123.29457,48.44],[-123.3,48.44],[-123.3,48.47612],[-123.30176,48.47786]]]}},{"type":"Feature","id":"001131","properties":{"clc":"001131","site_code":"m0000028","country":"CA","name_en":"Strait of Georgia - north of Nanaimo","nom_fr":"d\u00e9troit de Georgie - au nord de Nanaimo","label_lon":-124.66405,"label_lat":49.68353,"color":1},"geometry":{"type":"Polygon","coordinates":[[[-125.1291,50.1284],[-125.1245,50.12872],[-125.07821,50.12057],[-125.06496,50.11823],[-125.0513,50.1158],[-124.83588,50.06691],[-124.8314,50.06526],[-124.81981,50.05656],[-124.80889,50.03554],[-124.79719,50.02141],[-124.7555,49.99099],[-124.7,49.95038],[-124.56919,49.8904],[-124.54502,49.87928],[-124.53055,49.86571],[-124.51037,49.84678],[-124.51012,49.84662],[-124.47622,49.82449],[-124.45234,49.81255],[-124.43662,49.80469],[-124.37631,49.77448],[-124.36963,49.77113],[-124.28513,49.74931],[-124.2526,49.719],[-124.20413,49.67376],[-124.20356,49.67599],[-124.20346,49.67636],[-124.20289,49.6786],[-124.19127,49.68077],[-124.19886,49.6855],[-124.18806,49.68577],[-124.18628,49.68171],[-124.1285,49.6864],[-124.08599,49.65733],[-124.08704,49.65206],[-124.06982,49.62862],[-124.07459,49.61655],[-124.07613,49.61264],[-124.05756,49.59444],[-124.01851,49.59452],[-124.01479,49.59171],[-123.96369,49.55323],[-123.93063,49.52829],[-123.89964,49.51815],[-123.77714,49.48955],[-123.7513,49.48349],[-123.64115,49.4348],[-123.57101,49.40368],[-123.55939,49.39897],[-123.55539,49.39143],[-123.54438,49.38769],[-123.53361,49.38483],[-123.53358,49.38483],[-123.53863,49.38319],[-123.62453,49.35055],[-123.95034,49.22566],[-123.95498,49.22749],[-123.96262,49.23119],[-123.9613,49.23422],[-123.96379,49.23704],[-123.97966,49.23953],[-123.98617,49.23982],[-124.26409,49.34894],[-124.60334,49.39419],[-124.60638,49.39678],[-124.61141,49.3975],[-124.61147,49.40078],[-124.62719,49.40333],[-124.63514,49.40911],[-124.64062,49.41925],[-124.64152,49.42109],[-124.65134,49.42384],[-124.66133,49.43037],[-124.66435,49.43476],[-124.67462,49.4388],[-124.68713,49.44869],[-124.69857,49.45091],[-124.71898,49.45903],[-124.72178,49.46348],[-124.72372,49.46657],[-124.73128,49.46746],[-124.73243,49.4669],[-124.73299,49.46697],[-124.7346,49.46717],[-124.75063,49.46307],[-124.76941,49.46507],[-124.77356,49.46656],[-124.77856,49.46643],[-124.7789,49.46607],[-124.78545,49.45913],[-124.7895,49.46059],[-124.79321,49.46583],[-124.79239,49.47295],[-124.85414,49.51226],[-124.84351,49.52243],[-124.84373,49.5228],[-124.85894,49.53677],[-124.87003,49.5545],[-124.87095,49.56017],[-124.87443,49.56699],[-124.8836,49.58115],[-124.88407,49.58669],[-124.88142,49.58894],[-124.883,49.59405],[-124.8888,49.59581],[-124.88996,49.60098],[-124.89204,49.6026],[-124.89397,49.60411],[-124.89964,49.61084],[-124.90439,49.6174],[-124.90501,49.61981],[-124.90806,49.66226],[-124.90856,49.66921],[-124.89139,49.69459],[-125.21032,49.91718],[-125.25632,50.03515],[-125.25754,50.04004],[-125.25957,50.04816],[-125.26527,50.05028],[-125.28621,50.05809],[-125.36233,50.10177],[-125.3482,50.12946],[-125.31593,50.13069],[-125.21202,50.12946],[-125.1291,50.1284]]]}},{"type":"Feature","id":"001132","properties":{"clc":"001132","site_code":"m0000028","country":"CA","name_en":"Strait of Georgia - south of Nanaimo","nom_fr":"d\u00e9troit de Georgie - au sud de Nanaimo","label_lon":-123.52201,"label_lat":49.11323,"color":0},"geometry":{"type":"Polygon","coordinates":[[[-123.09059,49.00205],[-123.31,49.0],[-123.1,48.881],[-123.0085,48.83122],[-123.0085,48.76711],[-123.13817,48.73056],[-123.26111,48.69273],[-123.26496,48.69155],[-123.26504,48.69152],[-123.26541,48.69141],[-123.26687,48.69096],[-123.27,48.69],[-123.41838,48.71757],[-123.45319,48.71003],[-123.45307,48.69937],[-123.53264,48.69649],[-123.54102,48.69774],[-123.55069,48.71431],[-123.57039,48.74225],[-123.57039,48.74342],[-123.56868,48.74288],[-123.5686,48.74689],[-123.5702,48.75323],[-123.57739,48.76309],[-123.57899,48.76657],[-123.57794,48.7694],[-123.57126,48.7736],[-123.57142,48.77423],[-123.56477,48.77914],[-123.5585,48.77946],[-123.55746,48.78226],[-123.56057,48.78696],[-123.56368,48.78927],[-123.56147,48.7945],[-123.56253,48.79776],[-123.58514,48.80718],[-123.59644,48.80028],[-123.59361,48.80379],[-123.58586,48.80694],[-123.58682,48.81289],[-123.58907,48.82051],[-123.58501,48.82193],[-123.58391,48.82386],[-123.58586,48.83162],[-123.58795,48.8344],[-123.58868,48.83716],[-123.58702,48.83968],[-123.5902,48.8429],[-123.60521,48.84894],[-123.61112,48.85325],[-123.61275,48.85368],[-123.61689,48.85959],[-123.62869,48.86319],[-123.63504,48.86372],[-123.63978,48.87044],[-123.64327,48.88012],[-123.64845,48.88415],[-123.65393,48.88065],[-123.67276,48.88849],[-123.67479,48.8908],[-123.68311,48.89461],[-123.68806,48.90016],[-123.69715,48.91275],[-123.69636,48.91678],[-123.70407,48.92952],[-123.75445,48.98566],[-123.74938,49.0187],[-123.75422,49.04698],[-123.75879,49.05047],[-123.75613,49.05212],[-123.76061,49.05623],[-123.76878,49.06053],[-123.76697,49.06228],[-123.77424,49.06638],[-123.77609,49.07087],[-123.78135,49.07349],[-123.78278,49.07871],[-123.79164,49.09008],[-123.79536,49.09166],[-123.79894,49.09125],[-123.80132,49.09296],[-123.80215,49.09634],[-123.79863,49.10162],[-123.80218,49.1082],[-123.80386,49.12161],[-123.87598,49.13598],[-123.88677,49.14003],[-123.8936,49.13755],[-123.89089,49.13033],[-123.91308,49.13503],[-123.92015,49.14021],[-123.92534,49.14757],[-123.92622,49.15561],[-123.92015,49.1585],[-123.92427,49.16403],[-123.92927,49.16761],[-123.93893,49.17256],[-123.94026,49.17743],[-123.94754,49.1889],[-123.94773,49.19363],[-123.9564,49.19355],[-123.96714,49.20036],[-123.96805,49.20588],[-123.96105,49.20922],[-123.93995,49.21245],[-123.93894,49.21488],[-123.94651,49.22415],[-123.95034,49.22566],[-123.62453,49.35055],[-123.53358,49.38483],[-123.50451,49.40101],[-123.49148,49.41433],[-123.48614,49.41393],[-123.47221,49.42401],[-123.41363,49.40076],[-123.43409,49.38615],[-123.45284,49.38389],[-123.47107,49.3817],[-123.49385,49.36622],[-123.46288,49.35093],[-123.46281,49.3509],[-123.45817,49.34861],[-123.43292,49.34158],[-123.43234,49.34151],[-123.42801,49.33936],[-123.4199,49.33737],[-123.38393,49.3372],[-123.37867,49.33562],[-123.36717,49.33864],[-123.36364,49.33614],[-123.35797,49.33612],[-123.31909,49.3372],[-123.27006,49.33855],[-123.26998,49.33857],[-123.26862,49.33861],[-123.26855,49.33673],[-123.26583,49.33225],[-123.2609,49.33319],[-123.24757,49.34077],[-123.23653,49.28074],[-123.23935,49.28084],[-123.25051,49.27784],[-123.26105,49.27123],[-123.2621,49.26619],[-123.25743,49.26124],[-123.24819,49.24894],[-123.24009,49.24596],[-123.23297,49.24209],[-123.22774,49.24035],[-123.21983,49.23578],[-123.20984,49.23131],[-123.20626,49.22858],[-123.20586,49.22658],[-123.20343,49.22452],[-123.17803,49.21399],[-123.17928,49.2134],[-123.18586,49.21392],[-123.19352,49.21346],[-123.20001,49.21467],[-123.20139,49.21153],[-123.20119,49.20597],[-123.21028,49.19002],[-123.20975,49.18223],[-123.20636,49.18186],[-123.20295,49.18481],[-123.19101,49.17974],[-123.19152,49.17866],[-123.19362,49.17838],[-123.19358,49.17549],[-123.19801,49.16917],[-123.19562,49.16128],[-123.19291,49.14209],[-123.19522,49.12847],[-123.19344,49.12501],[-123.19137,49.12403],[-123.19176,49.12144],[-123.19026,49.11463],[-123.18889,49.11175],[-123.1871,49.10954],[-123.17759,49.09069],[-123.16689,49.0824],[-123.14675,49.07321],[-123.14822,49.0619],[-123.14156,49.05984],[-123.1177,49.05038],[-123.10898,49.04983],[-123.0967,49.04104],[-123.09528,49.03147],[-123.09949,49.02438],[-123.09333,49.00847],[-123.09123,49.005],[-123.08089,49.005],[-123.07917,49.00208],[-123.0821,48.99683],[-123.08494,49.00406],[-123.08872,48.99728],[-123.09059,49.00205]]]}},{"type":"Feature","id":"001140","properties":{"clc":"001140","site_code":"m0000102","country":"CA","name_en":"Howe Sound","nom_fr":"baie Howe","label_lon":-123.34523,"label_lat":49.47524,"color":1},"geometry":{"type":"Polygon","coordinates":[[[-123.18891,49.65743],[-123.19072,49.65751],[-123.20942,49.65375],[-123.21687,49.64468],[-123.21106,49.63391],[-123.20825,49.63073],[-123.2058,49.62686],[-123.2059,49.62433],[-123.20608,49.62016],[-123.2062,49.61987],[-123.22004,49.58827],[-123.23164,49.55707],[-123.23316,49.553],[-123.24677,49.53589],[-123.25562,49.52475],[-123.23981,49.47608],[-123.23331,49.44502],[-123.23133,49.43557],[-123.22983,49.42841],[-123.23837,49.4061],[-123.23984,49.40227],[-123.26315,49.37323],[-123.26318,49.3732],[-123.27773,49.36574],[-123.27186,49.35938],[-123.26765,49.35482],[-123.26155,49.34822],[-123.25437,49.34509],[-123.24309,49.34018],[-123.24757,49.34077],[-123.2609,49.33319],[-123.26583,49.33225],[-123.26855,49.33673],[-123.26862,49.33861],[-123.26997,49.33857],[-123.27006,49.33855],[-123.33077,49.33688],[-123.35797,49.33612],[-123.3598,49.33612],[-123.36364,49.33614],[-123.36717,49.33864],[-123.37867,49.33562],[-123.38393,49.3372],[-123.39551,49.33725],[-123.4199,49.33737],[-123.42801,49.33936],[-123.43234,49.34151],[-123.43292,49.34158],[-123.45817,49.34861],[-123.46281,49.3509],[-123.49274,49.36568],[-123.49385,49.36622],[-123.47107,49.3817],[-123.45284,49.38389],[-123.43409,49.38615],[-123.41363,49.40076],[-123.47221,49.42401],[-123.48614,49.41393],[-123.49148,49.41433],[-123.48211,49.44054],[-123.51281,49.50425],[-123.49,49.53435],[-123.3762,49.5741],[-123.30481,49.58971],[-123.27601,49.59598],[-123.25669,49.62656],[-123.27114,49.64947],[-123.26253,49.66425],[-123.2319,49.67818],[-123.20246,49.685],[-123.18643,49.68527],[-123.15832,49.68402],[-123.15531,49.68389],[-123.15779,49.67779],[-123.15786,49.67773],[-123.1655,49.6709],[-123.17557,49.66189],[-123.18003,49.6604],[-123.18558,49.65854],[-123.18891,49.65743]]]}},{"type":"Feature","id":"001150","properties":{"clc":"001150","site_code":"m0000010","country":"CA","name_en":"Johnstone Strait","nom_fr":"d\u00e9troit de Johnstone","label_lon":-125.88569,"label_lat":50.40573,"color":0},"geometry":{"type":"Polygon","coordinates":[[[-126.50796,50.51913],[-126.47993,50.51997],[-126.46306,50.52047],[-126.42633,50.52156],[-126.40271,50.52877],[-126.39619,50.53037],[-126.3842,50.53331],[-126.32973,50.52447],[-126.32507,50.52386],[-126.29106,50.51941],[-126.28399,50.51796],[-126.14001,50.48824],[-126.09436,50.49288],[-126.0913,50.49319],[-126.08719,50.49229],[-126.04655,50.48338],[-126.02675,50.48045],[-126.0211,50.47962],[-126.01838,50.47921],[-126.00567,50.47733],[-125.99872,50.4766],[-125.99819,50.47655],[-125.98697,50.47537],[-125.95648,50.47218],[-125.95492,50.47202],[-125.95644,50.47177],[-125.96049,50.46871],[-125.9108,50.45738],[-125.91078,50.45755],[-125.89956,50.46128],[-125.88962,50.4631],[-125.88352,50.46339],[-125.74007,50.43533],[-125.7354,50.43209],[-125.73313,50.42631],[-125.743,50.42144],[-125.75455,50.42298],[-125.75652,50.42203],[-125.69115,50.40696],[-125.68526,50.40694],[-125.67827,50.40963],[-125.67285,50.40885],[-125.66292,50.41024],[-125.64272,50.41918],[-125.56936,50.38786],[-125.58264,50.38406],[-125.54887,50.37526],[-125.54591,50.37373],[-125.5346,50.37298],[-125.46172,50.34172],[-125.44237,50.33341],[-125.44016,50.33245],[-125.43729,50.33028],[-125.43717,50.33008],[-125.39381,50.2957],[-125.38725,50.29049],[-125.3813,50.28954],[-125.37968,50.28929],[-125.37935,50.28929],[-125.37593,50.28137],[-125.37287,50.2743],[-125.37186,50.2743],[-125.37139,50.27326],[-125.35762,50.24251],[-125.35555,50.23789],[-125.34451,50.21942],[-125.34188,50.215],[-125.33067,50.19622],[-125.32146,50.18077],[-125.31894,50.17653],[-125.32065,50.14853],[-125.32163,50.1325],[-125.31593,50.13069],[-125.3482,50.12946],[-125.35782,50.12909],[-125.35513,50.13212],[-125.35968,50.14926],[-125.3605,50.15234],[-125.36949,50.16083],[-125.36615,50.16479],[-125.36783,50.16955],[-125.37239,50.17493],[-125.37671,50.17575],[-125.37909,50.18028],[-125.37852,50.19583],[-125.38049,50.20584],[-125.38866,50.21846],[-125.39314,50.22224],[-125.39201,50.22753],[-125.39738,50.23449],[-125.40499,50.23684],[-125.39725,50.23884],[-125.39541,50.24414],[-125.40614,50.26424],[-125.41974,50.27208],[-125.43835,50.27883],[-125.43521,50.28099],[-125.4873,50.31095],[-125.47733,50.29287],[-125.48213,50.29355],[-125.83895,50.34361],[-125.95733,50.35991],[-125.97586,50.36244],[-126.1138,50.4217],[-126.27618,50.43825],[-126.28364,50.44213],[-126.31439,50.45815],[-126.36439,50.46152],[-126.55429,50.47409],[-126.57515,50.45913],[-126.6944,50.49541],[-126.81963,50.54492],[-126.81787,50.54591],[-126.81783,50.54594],[-126.77897,50.56934],[-126.77845,50.56957],[-126.77608,50.57117],[-126.76673,50.57664],[-126.65821,50.551],[-126.67033,50.54977],[-126.62438,50.54261],[-126.6234,50.54246],[-126.60767,50.54001],[-126.60228,50.53916],[-126.6011,50.53626],[-126.59834,50.52946],[-126.53944,50.52818],[-126.51936,50.52202],[-126.50965,50.51961],[-126.50796,50.51913]]]}},{"type":"Feature","id":"001160","properties":{"clc":"001160","site_code":"m0000112","country":"CA","name_en":"Queen Charlotte Strait","nom_fr":"d\u00e9troit de la Reine-Charlotte","label_lon":-127.15062,"label_lat":50.7357,"color":1},"geometry":{"type":"Polygon","coordinates":[[[-127.56811,51.04825],[-127.56489,51.04965],[-127.53609,51.05067],[-127.53514,51.04903],[-127.53089,51.04171],[-127.52379,51.01818],[-127.52284,51.01775],[-127.52095,51.01196],[-127.52017,51.00957],[-127.51956,51.0077],[-127.52062,51.00339],[-127.51751,50.99159],[-127.45796,50.95631],[-127.43279,50.94236],[-127.4289,50.9412],[-127.42873,50.9409],[-127.41335,50.9354],[-127.40487,50.93362],[-127.40606,50.92672],[-127.40181,50.92498],[-127.38442,50.92515],[-127.37181,50.91975],[-127.37101,50.91968],[-127.36683,50.91788],[-127.33785,50.90615],[-127.32588,50.904],[-127.32151,50.90313],[-127.29223,50.89731],[-127.23385,50.88728],[-127.21812,50.88458],[-127.21346,50.88389],[-127.2132,50.88385],[-127.20479,50.8826],[-127.16025,50.87599],[-127.01811,50.81901],[-127.01434,50.81995],[-126.99999,50.81482],[-126.94448,50.80311],[-126.93768,50.8008],[-126.84941,50.78295],[-126.84407,50.78135],[-126.82948,50.77698],[-126.81716,50.77648],[-126.80664,50.78417],[-126.80336,50.78382],[-126.80443,50.77532],[-126.79465,50.7665],[-126.78615,50.7684],[-126.78074,50.76424],[-126.76712,50.77243],[-126.74674,50.76075],[-126.73461,50.75379],[-126.71755,50.74401],[-126.6722,50.70366],[-126.67027,50.70274],[-126.65569,50.69581],[-126.65555,50.69516],[-126.65547,50.69512],[-126.63773,50.68529],[-126.64422,50.68068],[-126.65072,50.67966],[-126.65196,50.68028],[-126.77897,50.56934],[-126.81783,50.54594],[-126.8214,50.54816],[-126.82636,50.54758],[-126.82945,50.54847],[-126.83296,50.54949],[-126.85451,50.55157],[-126.90691,50.56092],[-126.96578,50.5594],[-126.97201,50.5617],[-126.97379,50.56573],[-126.97387,50.56592],[-126.97685,50.57516],[-126.97777,50.57553],[-126.97927,50.5795],[-127.00967,50.58707],[-127.08227,50.60154],[-127.08366,50.60308],[-127.10229,50.61017],[-127.11624,50.6092],[-127.13515,50.60757],[-127.14445,50.607],[-127.16978,50.60857],[-127.18575,50.61002],[-127.19461,50.60854],[-127.19824,50.61041],[-127.19877,50.61067],[-127.20394,50.61597],[-127.2067,50.62227],[-127.21405,50.62772],[-127.22057,50.62816],[-127.23684,50.63646],[-127.24267,50.63715],[-127.24855,50.64219],[-127.25793,50.64618],[-127.27371,50.64923],[-127.27975,50.65587],[-127.28793,50.65487],[-127.29242,50.65653],[-127.30325,50.65679],[-127.32001,50.66621],[-127.33697,50.67013],[-127.35197,50.67618],[-127.3633,50.68145],[-127.37519,50.69238],[-127.40872,50.74691],[-127.42065,50.74924],[-127.4443,50.74657],[-127.4862,50.76558],[-127.5018,50.77003],[-127.51858,50.77481],[-127.52655,50.77594],[-127.53418,50.77751],[-127.53568,50.77803],[-127.53678,50.77805],[-127.59508,50.79002],[-127.60863,50.79755],[-127.64885,50.80862],[-127.65099,50.80949],[-127.66251,50.81414],[-127.68037,50.81735],[-127.68771,50.81938],[-127.69592,50.8205],[-127.71158,50.82622],[-127.71766,50.82747],[-127.72809,50.83102],[-127.73241,50.83096],[-127.73315,50.83118],[-127.73815,50.83175],[-127.74988,50.83485],[-127.77654,50.8398],[-127.77797,50.84095],[-127.78634,50.84161],[-127.79457,50.84314],[-127.82571,50.84928],[-127.84737,50.85376],[-127.84907,50.85455],[-127.84972,50.85526],[-127.8507,50.8553],[-127.87587,50.86701],[-127.87621,50.86717],[-127.87626,50.86719],[-127.87725,50.86765],[-127.90778,50.87558],[-127.9498,50.87423],[-127.95265,50.87414],[-127.959,50.87313],[-127.96631,50.86965],[-128.00015,50.86025],[-128.00127,50.86011],[-128.00781,50.86275],[-128.01149,50.86424],[-128.01189,50.86505],[-128.01414,50.86587],[-128.01557,50.86589],[-128.01589,50.86589],[-128.03847,50.86374],[-128.05281,50.86748],[-128.05556,50.87019],[-128.05721,50.87194],[-128.05498,50.87442],[-128.05334,50.87625],[-128.0537,50.87689],[-128.03059,50.89225],[-127.99688,50.91462],[-127.98352,50.91729],[-127.98351,50.91729],[-127.98191,50.91747],[-127.97785,50.91754],[-127.97544,50.91758],[-127.97293,50.91793],[-127.94593,50.92165],[-127.93472,50.92319],[-127.86746,50.93242],[-127.85828,50.93367],[-127.84471,50.93667],[-127.83673,50.94315],[-127.81783,50.95848],[-127.65657,51.09003],[-127.64796,51.09736],[-127.6212,51.08499],[-127.61318,51.06706],[-127.61278,51.06616],[-127.61197,51.06536],[-127.60132,51.05478],[-127.59655,51.05085],[-127.58489,51.04893],[-127.56811,51.04825]]]}},{"type":"Feature","id":"001170","properties":{"clc":"001170","site_code":"m0000043","country":"CA","name_en":"West Coast Vancouver Island North","nom_fr":"\u00eele de Vancouver Ouest - partie nord","label_lon":-128.84986,"label_lat":50.26539,"color":0},"geometry":{"type":"Polygon","coordinates":[[[-130.2,50.25],[-129.5,50.91667],[-129.43912,50.91738],[-128.62635,50.92381],[-128.62612,50.92333],[-128.61451,50.89851],[-128.59225,50.85089],[-128.44693,50.8076],[-128.40644,50.79548],[-128.46254,50.78662],[-128.36802,50.69274],[-128.35782,50.68258],[-128.34705,50.67185],[-128.34153,50.66635],[-128.31666,50.64152],[-128.28069,50.60556],[-128.23979,50.56459],[-128.2218,50.55536],[-128.21292,50.54387],[-128.2162,50.54119],[-128.21625,50.53844],[-128.20808,50.53012],[-128.19728,50.52375],[-128.18346,50.52234],[-128.17851,50.52005],[-128.17953,50.51633],[-128.17773,50.51321],[-128.16568,50.51148],[-128.16261,50.50682],[-128.15843,50.50471],[-128.14952,50.50412],[-128.1443,50.50377],[-128.12296,50.48987],[-128.12346,50.48481],[-128.11546,50.48082],[-128.1077,50.47248],[-128.09875,50.46968],[-128.00513,50.31472],[-127.81043,50.19132],[-127.7017,50.1379],[-127.42612,50.0014],[-127.41271,49.99472],[-127.41246,49.99459],[-127.31239,49.9446],[-127.17076,49.8706],[-127.16764,49.86897],[-127.16146,49.86573],[-127.77437,49.55094],[-127.99695,49.27778],[-128.10001,49.15],[-130.2,50.25]]]}},{"type":"Feature","id":"001180","properties":{"clc":"001180","site_code":"m0000065","country":"CA","name_en":"West Coast Vancouver Island South","nom_fr":"\u00eele de Vancouver Ouest - partie sud","label_lon":-126.78843,"label_lat":48.99849,"color":1},"geometry":{"type":"Polygon","coordinates":[[[-127.99695,49.27778],[-127.77437,49.55094],[-127.16146,49.86573],[-127.15974,49.86483],[-127.15539,49.85764],[-127.15103,49.85684],[-127.18123,49.82392],[-126.83078,49.63709],[-126.83269,49.63435],[-126.82652,49.6197],[-126.78254,49.60753],[-126.77936,49.60696],[-126.77248,49.60573],[-126.56123,49.49146],[-126.46915,49.44131],[-126.26762,49.24772],[-126.06085,49.14869],[-125.17754,48.71568],[-124.78434,48.6382],[-124.76878,48.6282],[-124.76009,48.61762],[-124.74889,48.61302],[-124.73428,48.60939],[-124.72184,48.59955],[-124.71699,48.59723],[-124.77448,48.546],[-124.72953,48.48952],[-126.0,47.9],[-128.10001,49.15],[-127.99695,49.27778]]]}},{"type":"Feature","id":"001210","properties":{"clc":"001210","site_code":"m0000063","country":"CA","name_en":"Queen Charlotte Sound","nom_fr":"bassin Reine-Charlotte","label_lon":-130.36615,"label_lat":51.24443,"color":1},"geometry":{"type":"Polygon","coordinates":[[[-128.62612,50.92333],[-128.62635,50.92381],[-129.43912,50.91738],[-129.5,50.91667],[-130.2,50.25],[-130.31035,50.30292],[-132.08,51.12],[-132.39999,51.52],[-131.52544,51.78222],[-131.01828,51.9331],[-130.50949,52.06687],[-129.23181,52.38948],[-129.10897,52.41946],[-129.0396,52.43627],[-129.03954,52.436],[-129.0071,52.44414],[-129.00529,52.43873],[-129.00352,52.43343],[-129.00207,52.42909],[-128.73016,51.61577],[-128.50719,50.9242],[-128.5072,50.9242],[-128.62612,50.92333]]]}},{"type":"Feature","id":"001220","properties":{"clc":"001220","site_code":"m0000140","country":"CA","name_en":"Central Coast from McInnes Island to Pine Island","nom_fr":"c\u00f4te centrale de l'\u00eele McInnes \u00e0 l'\u00cele Pine","label_lon":-128.17906,"label_lat":51.31184,"color":2},"geometry":{"type":"Polygon","coordinates":[[[-128.75586,52.55899],[-128.74335,52.56072],[-128.71401,52.55481],[-128.7114,52.55757],[-128.70803,52.55635],[-128.70605,52.55384],[-128.70641,52.55163],[-128.72508,52.55024],[-128.72869,52.54328],[-128.72615,52.54112],[-128.71296,52.5381],[-128.69379,52.52769],[-128.71455,52.53023],[-128.7214,52.53036],[-128.72526,52.52792],[-128.72825,52.52515],[-128.73478,52.52532],[-128.74218,52.52308],[-128.73876,52.52011],[-128.73327,52.51556],[-128.7353,52.51111],[-128.74416,52.51573],[-128.75738,52.5217],[-128.76755,52.53014],[-128.78346,52.53487],[-128.81244,52.55771],[-128.8164,52.55223],[-128.81705,52.54601],[-128.82699,52.54161],[-128.82042,52.53739],[-128.82389,52.53535],[-128.8275,52.526],[-128.82509,52.522],[-128.82839,52.51231],[-128.8209,52.51602],[-128.81772,52.52031],[-128.81111,52.52155],[-128.80542,52.50992],[-128.80611,52.50599],[-128.79466,52.50816],[-128.78957,52.50658],[-128.78776,52.50439],[-128.79723,52.49933],[-128.7939,52.49697],[-128.79121,52.49305],[-128.78357,52.49171],[-128.78309,52.49695],[-128.7642,52.49684],[-128.76167,52.49468],[-128.76538,52.49151],[-128.764,52.48041],[-128.76063,52.4772],[-128.75556,52.48506],[-128.74967,52.48593],[-128.74192,52.48384],[-128.73814,52.49011],[-128.73328,52.4931],[-128.72024,52.48236],[-128.7117,52.48339],[-128.70559,52.4995],[-128.70818,52.50213],[-128.71952,52.50547],[-128.72001,52.50911],[-128.71718,52.5116],[-128.7125,52.51574],[-128.71093,52.51712],[-128.70682,52.51733],[-128.70412,52.51581],[-128.6987,52.51585],[-128.69726,52.51894],[-128.69204,52.51919],[-128.69175,52.51591],[-128.69135,52.5112],[-128.68605,52.50803],[-128.69025,52.50576],[-128.69442,52.50534],[-128.69915,52.50487],[-128.69962,52.50353],[-128.69997,52.50253],[-128.69521,52.49772],[-128.69161,52.49607],[-128.68572,52.49714],[-128.68134,52.49794],[-128.66876,52.49374],[-128.66577,52.48816],[-128.64456,52.47819],[-128.63552,52.47794],[-128.6295,52.47503],[-128.63341,52.47186],[-128.6044,52.45902],[-128.59349,52.45742],[-128.5871,52.45372],[-128.58218,52.45198],[-128.57731,52.45073],[-128.56967,52.4517],[-128.56407,52.45096],[-128.55993,52.44919],[-128.5559,52.44539],[-128.55096,52.44237],[-128.54436,52.43765],[-128.50805,52.42952],[-128.50665,52.4252],[-128.3225,52.3522],[-128.33564,52.33723],[-128.3589,52.31071],[-128.38576,52.28003],[-128.3938,52.27084],[-128.49079,52.19178],[-128.48782,52.19238],[-128.48567,52.18874],[-128.46155,52.17942],[-128.46158,52.1794],[-128.47263,52.16904],[-128.46818,52.1679],[-128.45241,52.17779],[-128.43877,52.17019],[-128.44399,52.17017],[-128.44284,52.16106],[-128.43056,52.14465],[-128.42784,52.13403],[-128.42693,52.12972],[-128.42862,52.12898],[-128.43142,52.12205],[-128.39067,52.09089],[-128.37419,52.07827],[-128.33404,52.04748],[-128.32235,52.03851],[-128.31384,52.04026],[-128.31268,52.0308],[-128.31237,52.03082],[-128.30483,52.02504],[-128.30387,52.02465],[-128.193,51.97925],[-128.1861,51.97642],[-128.19813,51.96949],[-128.19806,51.95419],[-128.20093,51.94925],[-128.19803,51.94152],[-128.19483,51.93608],[-128.17769,51.93272],[-128.16942,51.93492],[-128.15762,51.93545],[-128.15039,51.94014],[-128.14032,51.93902],[-128.13293,51.94129],[-128.13178,51.93664],[-128.15387,51.93196],[-128.15783,51.92635],[-128.16158,51.91878],[-128.15939,51.91266],[-128.16121,51.90866],[-128.16469,51.90686],[-128.16791,51.90411],[-128.17223,51.89759],[-128.17526,51.89746],[-128.17342,51.90881],[-128.16225,51.93031],[-128.16598,51.93152],[-128.18353,51.92633],[-128.18451,51.92218],[-128.19006,51.92113],[-128.18979,51.91362],[-128.181,51.91178],[-128.18149,51.90613],[-128.20034,51.9049],[-128.21038,51.89528],[-128.21883,51.89815],[-128.22691,51.89943],[-128.23255,51.89488],[-128.23589,51.89046],[-128.2459,51.89001],[-128.24691,51.88688],[-128.2409,51.88003],[-128.23131,51.88204],[-128.22906,51.8751],[-128.23362,51.8734],[-128.2309,51.86768],[-128.22918,51.86194],[-128.21302,51.86207],[-128.21003,51.86741],[-128.20185,51.86167],[-128.17162,51.86287],[-128.17036,51.85822],[-128.17441,51.85336],[-128.16763,51.84659],[-128.16249,51.84821],[-128.15926,51.85351],[-128.16386,51.8613],[-128.16309,51.86838],[-128.15764,51.87423],[-128.15959,51.87837],[-128.1514,51.88716],[-128.13724,51.8896],[-128.1308,51.8861],[-128.13046,51.88283],[-128.13626,51.88025],[-128.14836,51.87977],[-128.14938,51.87503],[-128.14691,51.87325],[-128.13189,51.87479],[-128.12483,51.88939],[-128.11978,51.89418],[-128.11912,51.88785],[-128.12141,51.88061],[-128.12071,51.87665],[-128.1159,51.87684],[-128.11543,51.87686],[-128.10818,51.88747],[-128.10793,51.89124],[-128.10546,51.8942],[-128.09901,51.89729],[-128.09459,51.90196],[-128.09172,51.9069],[-128.0968,51.91419],[-128.09939,51.92422],[-128.09713,51.93175],[-128.09846,51.93352],[-128.10923,51.93373],[-128.11091,51.93549],[-128.10754,51.94004],[-128.11062,51.94437],[-128.11878,51.94332],[-128.12377,51.94408],[-128.12865,51.94592],[-128.1308,51.95426],[-128.13952,51.95351],[-128.16896,51.95098],[-128.16897,51.9564],[-128.16922,51.96068],[-128.16692,51.96242],[-128.16399,51.96127],[-128.16258,51.95474],[-128.14314,51.95616],[-128.13358,51.95685],[-128.12527,51.95795],[-128.11668,51.95778],[-128.10902,51.95777],[-128.10386,51.95572],[-128.1004,51.95338],[-128.10266,51.9441],[-128.09588,51.94326],[-128.08854,51.95227],[-128.0724,51.95921],[-128.06022,51.96001],[-128.05784,51.95894],[-128.06025,51.95528],[-128.07243,51.95448],[-128.07861,51.95014],[-128.07937,51.94759],[-128.07383,51.94339],[-128.07137,51.93335],[-128.05662,51.93223],[-128.04943,51.93592],[-128.04838,51.93964],[-128.04348,51.94214],[-128.04166,51.94886],[-128.02774,51.94398],[-128.03078,51.94133],[-128.03435,51.93063],[-128.04215,51.92754],[-128.05347,51.92612],[-128.06153,51.92828],[-128.06722,51.92643],[-128.07693,51.92692],[-128.08532,51.92266],[-128.08781,51.91544],[-128.08709,51.90608],[-128.09652,51.89169],[-128.10296,51.88659],[-128.10235,51.88359],[-128.10925,51.87394],[-128.1096,51.86572],[-128.10965,51.86476],[-128.11805,51.85751],[-128.1155,51.84846],[-128.12149,51.83905],[-128.10749,51.83985],[-128.11256,51.83279],[-128.11573,51.82144],[-128.12541,51.81941],[-128.13212,51.8114],[-128.12706,51.80644],[-128.12034,51.80653],[-128.11532,51.81019],[-128.11299,51.81686],[-128.10714,51.81814],[-128.10285,51.81307],[-128.09725,51.81263],[-128.09138,51.80705],[-128.09203,51.80356],[-128.10201,51.80158],[-128.10708,51.7916],[-128.10574,51.7885],[-128.09924,51.78886],[-128.06662,51.78969],[-128.05907,51.79881],[-128.05448,51.80228],[-128.05145,51.81187],[-128.05892,51.81685],[-128.05701,51.81946],[-128.05065,51.82191],[-128.04549,51.82621],[-128.03928,51.82519],[-128.02803,51.82784],[-128.02742,51.82901],[-128.03516,51.83508],[-128.04012,51.83647],[-128.07034,51.83685],[-128.07375,51.83866],[-128.07078,51.84107],[-128.04162,51.83983],[-128.0397,51.8401],[-128.03179,51.84118],[-128.02486,51.84428],[-128.01615,51.84163],[-128.0155,51.86206],[-128.0064,51.89063],[-128.00794,51.89423],[-128.01454,51.8921],[-128.01805,51.89665],[-128.02946,51.89922],[-128.03282,51.89998],[-128.03275,51.90055],[-128.0234,51.90436],[-128.0179,51.90047],[-127.99416,51.9001],[-127.98752,51.91001],[-127.9793,51.90945],[-127.97343,51.91314],[-127.96822,51.92734],[-127.97062,51.93497],[-127.97698,51.93338],[-127.97793,51.92773],[-127.97849,51.9244],[-127.98466,51.91974],[-127.98824,51.91992],[-127.98955,51.92271],[-127.98396,51.92797],[-127.9822,51.93795],[-127.97561,51.94191],[-127.96749,51.94226],[-127.95845,51.9476],[-127.95563,51.96326],[-127.95233,51.98162],[-127.95144,51.98802],[-127.95018,51.99514],[-127.94816,52.00356],[-127.94948,52.01197],[-127.95183,52.01456],[-127.95928,51.97965],[-127.98043,52.07454],[-127.96725,52.06664],[-127.95864,52.06609],[-127.95244,52.06384],[-127.95199,52.06317],[-127.94795,52.07558],[-127.95114,52.07529],[-127.95763,52.07685],[-127.96603,52.07593],[-127.97035,52.07948],[-127.98451,52.08095],[-127.98798,52.08262],[-127.93879,52.08202],[-127.93373,52.08566],[-127.92919,52.0933],[-127.92481,52.10071],[-127.92468,52.10094],[-127.91864,52.11654],[-127.91599,52.1207],[-127.90568,52.124],[-127.90129,52.1287],[-127.89714,52.12699],[-127.89038,52.12524],[-127.88458,52.1529],[-127.88881,52.16545],[-127.88305,52.18035],[-127.88518,52.18598],[-127.89096,52.18436],[-127.90392,52.17373],[-127.9071,52.16481],[-127.90992,52.15416],[-127.91513,52.15201],[-127.91749,52.15514],[-127.91967,52.15802],[-127.92108,52.15804],[-127.91829,52.16658],[-127.91596,52.1665],[-127.9104,52.20781],[-127.85403,52.20773],[-127.85419,52.19646],[-127.81578,52.19496],[-127.82322,52.1848],[-127.84138,52.16732],[-127.84966,52.15484],[-127.85072,52.14769],[-127.85491,52.14578],[-127.86064,52.14315],[-127.86182,52.14035],[-127.85671,52.13141],[-127.85683,52.12247],[-127.85523,52.12263],[-127.8491,52.12325],[-127.84392,52.12691],[-127.83983,52.12685],[-127.83913,52.12391],[-127.84648,52.11649],[-127.83285,52.10447],[-127.82338,52.10517],[-127.82378,52.10047],[-127.83869,52.10011],[-127.84421,52.09621],[-127.85562,52.09521],[-127.8559,52.07511],[-127.84394,52.06393],[-127.83452,52.06273],[-127.83347,52.06002],[-127.83686,52.05713],[-127.84477,52.05473],[-127.84705,52.05189],[-127.85624,52.05108],[-127.85699,52.05102],[-127.86022,52.04675],[-127.86469,52.04679],[-127.86926,52.05439],[-127.878,52.05287],[-127.88531,52.04844],[-127.89194,52.04792],[-127.89446,52.04392],[-127.8944,52.02034],[-127.90294,52.01379],[-127.90016,52.00566],[-127.90211,51.99985],[-127.89582,51.99348],[-127.89958,51.98737],[-127.89732,51.9838],[-127.90018,51.97955],[-127.89073,51.96811],[-127.89031,51.95776],[-127.89092,51.95505],[-127.89008,51.95282],[-127.89526,51.9358],[-127.88511,51.93966],[-127.87849,51.93513],[-127.87441,51.93508],[-127.86889,51.93875],[-127.86123,51.93656],[-127.85783,51.93717],[-127.84961,51.93865],[-127.84178,51.93486],[-127.8374,51.93868],[-127.83965,51.91186],[-127.83977,51.91045],[-127.83737,51.89938],[-127.84067,51.89963],[-127.8496,51.90029],[-127.857,51.90559],[-127.85827,51.90551],[-127.86281,51.90522],[-127.86577,51.89859],[-127.86988,51.9057],[-127.87602,51.90197],[-127.88717,51.88471],[-127.88575,51.88024],[-127.87325,51.87866],[-127.86595,51.88236],[-127.86098,51.88924],[-127.85853,51.88707],[-127.85861,51.88151],[-127.85873,51.87286],[-127.8588,51.86783],[-127.86508,51.8576],[-127.8795,51.85386],[-127.87918,51.85113],[-127.8739,51.8502],[-127.87287,51.84429],[-127.88476,51.84333],[-127.88832,51.83895],[-127.87414,51.83853],[-127.89072,51.82827],[-127.89541,51.81636],[-127.89203,51.81072],[-127.89118,51.80641],[-127.89219,51.80083],[-127.88681,51.79056],[-127.88218,51.78015],[-127.87935,51.7773],[-127.86282,51.78203],[-127.86091,51.77999],[-127.87089,51.7775],[-127.87492,51.77243],[-127.87888,51.77228],[-127.87992,51.76891],[-127.87191,51.76091],[-127.87284,51.7509],[-127.88606,51.73128],[-127.88097,51.72496],[-127.89037,51.71595],[-127.88192,51.70797],[-127.87142,51.71253],[-127.8676,51.70793],[-127.87483,51.70257],[-127.87768,51.70096],[-127.88421,51.69726],[-127.88412,51.6935],[-127.87893,51.69327],[-127.87857,51.67679],[-127.87625,51.67254],[-127.87252,51.67052],[-127.86841,51.6683],[-127.86623,51.66198],[-127.85087,51.64865],[-127.8364,51.61237],[-127.83335,51.6125],[-127.81956,51.6076],[-127.80262,51.6074],[-127.80159,51.60469],[-127.80579,51.59948],[-127.80339,51.59431],[-127.80479,51.59036],[-127.81317,51.58291],[-127.81868,51.5829],[-127.82311,51.58638],[-127.82613,51.58656],[-127.79468,51.50737],[-127.78203,51.47542],[-127.7456,51.38316],[-127.74495,51.37653],[-127.74032,51.32894],[-127.73356,51.25925],[-127.72832,51.20508],[-127.7276,51.20405],[-127.68177,51.1378],[-127.67739,51.13145],[-127.66884,51.11182],[-127.66863,51.10691],[-127.6752,51.10836],[-127.6757,51.10614],[-127.67596,51.10495],[-127.67164,51.10225],[-127.66523,51.09823],[-127.66699,51.09426],[-127.65657,51.09003],[-127.81783,50.95848],[-127.83673,50.94315],[-127.84471,50.93667],[-127.85828,50.93367],[-127.86746,50.93242],[-127.93472,50.92319],[-127.94593,50.92165],[-127.97293,50.91793],[-127.97544,50.91758],[-127.97785,50.91754],[-127.98191,50.91747],[-127.98351,50.91729],[-127.98352,50.91729],[-127.99688,50.91462],[-128.03059,50.89225],[-128.0537,50.87689],[-128.0572,50.87474],[-128.0631,50.87559],[-128.06879,50.87188],[-128.09356,50.87042],[-128.09428,50.87004],[-128.09672,50.86999],[-128.1026,50.86989],[-128.12151,50.85482],[-128.11876,50.84991],[-128.12187,50.84541],[-128.12464,50.8443],[-128.13916,50.83844],[-128.14494,50.8384],[-128.14783,50.83827],[-128.14378,50.84395],[-128.14495,50.84588],[-128.14513,50.84618],[-128.15155,50.84542],[-128.15915,50.84233],[-128.16002,50.84237],[-128.19321,50.8356],[-128.2054,50.83537],[-128.21188,50.83209],[-128.21379,50.82909],[-128.21821,50.82214],[-128.23067,50.81469],[-128.23347,50.81253],[-128.24273,50.80741],[-128.24449,50.80609],[-128.25567,50.80488],[-128.25793,50.80222],[-128.26277,50.80336],[-128.26349,50.80402],[-128.26924,50.8034],[-128.29366,50.8007],[-128.29444,50.80055],[-128.29549,50.79861],[-128.29947,50.79567],[-128.30968,50.79634],[-128.31668,50.80356],[-128.32118,50.80348],[-128.32463,50.80341],[-128.32648,50.80676],[-128.33058,50.80539],[-128.33447,50.80409],[-128.33772,50.80424],[-128.35338,50.79964],[-128.35311,50.7992],[-128.35107,50.7978],[-128.35078,50.79532],[-128.36019,50.80276],[-128.40644,50.79548],[-128.44693,50.8076],[-128.59225,50.85089],[-128.61451,50.89851],[-128.62612,50.92333],[-128.5072,50.9242],[-128.50719,50.9242],[-128.73016,51.61577],[-129.00207,52.42909],[-129.00352,52.43343],[-129.00529,52.43873],[-129.0071,52.44415],[-128.99757,52.45692],[-128.97944,52.45533],[-128.94312,52.47528],[-128.94662,52.48427],[-128.93861,52.4943],[-128.94102,52.50633],[-128.93624,52.51803],[-128.93272,52.53334],[-128.93541,52.54742],[-128.94168,52.56017],[-128.93025,52.58918],[-128.92865,52.6076],[-128.9296,52.61066],[-128.88002,52.64],[-128.86282,52.65085],[-128.86042,52.65178],[-128.85591,52.65772],[-128.84584,52.6508],[-128.80265,52.63503],[-128.77647,52.62546],[-128.77129,52.6241],[-128.77173,52.62278],[-128.76848,52.61813],[-128.76845,52.61348],[-128.76034,52.60357],[-128.75588,52.60201],[-128.74896,52.59725],[-128.74895,52.59325],[-128.75038,52.5931],[-128.75342,52.59043],[-128.75089,52.58551],[-128.74706,52.58501],[-128.73915,52.57944],[-128.74851,52.57623],[-128.75241,52.57168],[-128.75334,52.56905],[-128.75569,52.56236],[-128.75586,52.55899]]]}},{"type":"Feature","id":"001230","properties":{"clc":"001230","site_code":"m0000152","country":"CA","name_en":"Douglas Channel","nom_fr":"chenal marin de Douglas","label_lon":-129.19957,"label_lat":53.4442,"color":2},"geometry":{"type":"Polygon","coordinates":[[[-129.07442,53.47279],[-129.08558,53.32742],[-129.09089,53.25795],[-129.34687,53.37649],[-129.32477,53.45418],[-129.26386,53.66671],[-128.83404,53.93377],[-128.78161,53.96836],[-128.76731,53.98873],[-128.72643,54.04684],[-128.55865,54.28334],[-128.4795,54.26931],[-128.50895,54.20971],[-128.55488,54.11635],[-128.55915,54.11346],[-128.57945,54.02826],[-128.57778,54.02073],[-128.62333,53.86554],[-128.62836,53.8483],[-128.79831,53.70193],[-129.06861,53.54802],[-129.07264,53.49589],[-129.07442,53.47279]]]}},{"type":"Feature","id":"001241","properties":{"clc":"001241","site_code":"m0000106","country":"CA","name_en":"Hecate Strait - northern half","nom_fr":"d\u00e9troit d'H\u00e9cate - moiti\u00e9 nord","label_lon":-131.28569,"label_lat":53.61312,"color":0},"geometry":{"type":"Polygon","coordinates":[[[-130.63644,54.13071],[-130.63633,54.13073],[-130.62981,54.11773],[-130.6246,54.10791],[-130.60664,54.074],[-130.60596,54.07248],[-130.60591,54.07237],[-130.60384,54.06765],[-130.60283,54.06564],[-130.59985,54.05969],[-130.59979,54.05956],[-130.59784,54.05567],[-130.59747,54.0546],[-130.5972,54.05359],[-130.59662,54.05148],[-130.59238,54.03601],[-130.59227,54.03561],[-130.59168,54.03346],[-130.59165,54.03338],[-130.63099,54.03357],[-130.6608,54.03371],[-130.79805,54.03425],[-130.77206,53.98184],[-130.71877,53.87392],[-130.71158,53.8593],[-130.55131,53.53071],[-130.53722,53.50157],[-130.53257,53.49192],[-129.98336,53.17384],[-129.99622,53.17127],[-130.05591,53.1593],[-130.14572,53.1529],[-131.54756,53.04292],[-131.92549,53.5556],[-131.92152,53.56849],[-131.93021,53.59735],[-131.92756,53.6203],[-131.9109,53.6533],[-131.87233,53.69759],[-131.86657,53.72772],[-131.87944,53.76815],[-131.87625,53.77702],[-131.84894,53.8171],[-131.82302,53.83766],[-131.805,53.86288],[-131.72609,53.94082],[-131.66915,54.13115],[-131.66761,54.13627],[-131.66367,54.14939],[-131.66232,54.15138],[-131.65266,54.17133],[-131.64814,54.1719],[-131.02096,54.15388],[-130.82064,54.14735],[-130.81655,54.1472],[-130.80039,54.1468],[-130.7925,54.14659],[-130.77728,54.14619],[-130.73647,54.14511],[-130.70957,54.14438],[-130.7061,54.14429],[-130.66056,54.14304],[-130.63644,54.13071]]]}},{"type":"Feature","id":"001242","properties":{"clc":"001242","site_code":"m0000106","country":"CA","name_en":"Hecate Strait - southern half","nom_fr":"d\u00e9troit d'H\u00e9cate - moiti\u00e9 sud","label_lon":-130.60218,"label_lat":52.58776,"color":2},"geometry":{"type":"Polygon","coordinates":[[[-129.98336,53.17384],[-129.67907,52.99419],[-129.66106,52.98348],[-129.63483,52.96786],[-129.6175,52.95355],[-129.61621,52.95247],[-129.46302,52.87027],[-129.15487,52.57203],[-129.15878,52.56973],[-129.15013,52.56241],[-129.148,52.56061],[-129.09851,52.51862],[-129.08951,52.51097],[-129.04869,52.47625],[-129.03973,52.43684],[-129.03967,52.43659],[-129.0396,52.43628],[-129.10897,52.41946],[-129.12313,52.41602],[-129.14258,52.41129],[-129.17363,52.40373],[-129.20061,52.39715],[-129.22608,52.39093],[-130.50949,52.06687],[-131.01828,51.9331],[-131.01044,51.9409],[-130.88563,52.0646],[-131.54756,53.04292],[-130.14572,53.1529],[-130.05591,53.1593],[-129.99622,53.17127],[-129.98336,53.17384]]]}},{"type":"Feature","id":"001250","properties":{"clc":"001250","site_code":"m0000124","country":"CA","name_en":"Dixon Entrance East","nom_fr":"entr\u00e9e Dixon Est","label_lon":-130.7178,"label_lat":54.42555,"color":1},"geometry":{"type":"Polygon","coordinates":[[[-130.20781,54.13309],[-130.12539,54.0792],[-130.10194,54.0673],[-130.09735,54.06325],[-130.10059,54.06294],[-130.08658,54.05375],[-130.30405,54.02148],[-130.38572,54.06895],[-130.59227,54.03561],[-130.59238,54.03601],[-130.59662,54.05148],[-130.5972,54.05359],[-130.59747,54.0546],[-130.59784,54.05567],[-130.59979,54.05956],[-130.59985,54.05969],[-130.60283,54.06564],[-130.60384,54.06765],[-130.60591,54.07237],[-130.60596,54.07248],[-130.60664,54.074],[-130.6246,54.10791],[-130.62981,54.11773],[-130.63633,54.13073],[-130.63644,54.13071],[-130.66056,54.14304],[-130.7061,54.14429],[-130.70957,54.14438],[-130.73647,54.14511],[-130.77728,54.14619],[-130.7925,54.14659],[-130.80039,54.1468],[-130.81655,54.1472],[-130.82064,54.14735],[-131.02096,54.15388],[-131.64814,54.1719],[-131.65266,54.17133],[-131.65724,54.17074],[-132.17165,54.6727],[-130.8187,54.70384],[-130.70002,54.70599],[-130.61563,54.70744],[-130.55562,54.70642],[-130.37865,54.69323],[-130.40932,54.61604],[-130.4278,54.56938],[-130.44503,54.52578],[-130.44514,54.52551],[-130.44514,54.52549],[-130.40563,54.32934],[-130.29057,54.23053],[-130.20781,54.13309]]]}},{"type":"Feature","id":"001261","properties":{"clc":"001261","site_code":"m0000098","country":"CA","name_en":"Dixon Entrance West - east of Langara","nom_fr":"entr\u00e9e Dixon Ouest - \u00e0 l'est de Langara","label_lon":-132.45679,"label_lat":54.3774,"color":2},"geometry":{"type":"Polygon","coordinates":[[[-131.65724,54.17074],[-131.6713,54.15078],[-131.67427,54.14772],[-131.66761,54.13627],[-131.66915,54.13115],[-131.68146,54.14033],[-131.70129,54.1199],[-131.71536,54.10854],[-131.74719,54.09246],[-131.76314,54.0844],[-131.77945,54.07448],[-131.78638,54.07398],[-131.79062,54.07735],[-131.79295,54.07689],[-131.8,54.07552],[-131.81023,54.07018],[-131.82539,54.06976],[-131.83859,54.06742],[-131.85888,54.05818],[-131.85963,54.05783],[-131.91791,54.04137],[-131.98679,54.02892],[-132.02212,54.02826],[-132.02806,54.02815],[-132.0352,54.02934],[-132.04712,54.03133],[-132.1167,54.03302],[-132.1892,54.04677],[-132.18292,54.03722],[-132.20287,54.03359],[-132.23068,54.02852],[-132.24092,54.03419],[-132.24098,54.03971],[-132.23939,54.0417],[-132.23438,54.06619],[-132.23926,54.0762],[-132.24214,54.07759],[-132.24583,54.07938],[-132.25035,54.07858],[-132.25081,54.07803],[-132.25407,54.07415],[-132.25809,54.08428],[-132.25981,54.08861],[-132.26205,54.09425],[-132.2657,54.09835],[-132.26808,54.0993],[-132.26958,54.0999],[-132.2735,54.09637],[-132.28114,54.10348],[-132.28287,54.10509],[-132.28974,54.10666],[-132.29686,54.10633],[-132.30238,54.10953],[-132.30632,54.11181],[-132.32146,54.11296],[-132.31909,54.10545],[-132.33174,54.10986],[-132.35336,54.10842],[-132.35828,54.10576],[-132.35931,54.10521],[-132.36351,54.10495],[-132.37659,54.10293],[-132.38225,54.1009],[-132.39136,54.10065],[-132.39409,54.10022],[-132.41203,54.09744],[-132.42279,54.08786],[-132.4275,54.08705],[-132.43412,54.08591],[-132.43677,54.08379],[-132.44731,54.08364],[-132.44908,54.07937],[-132.44701,54.07539],[-132.45084,54.07521],[-132.45096,54.07493],[-132.4665,54.07013],[-132.46887,54.06815],[-132.48071,54.06516],[-132.48514,54.06438],[-132.48852,54.06378],[-132.57941,54.10276],[-132.57487,54.11717],[-132.57616,54.11937],[-132.59016,54.12355],[-132.59384,54.12465],[-132.60199,54.12424],[-132.61002,54.12844],[-132.61105,54.13297],[-132.61964,54.13274],[-132.63701,54.14173],[-132.65179,54.14286],[-132.64793,54.14823],[-132.64957,54.15018],[-132.65659,54.15169],[-132.66473,54.15128],[-132.66791,54.14803],[-132.6828,54.14454],[-132.68994,54.14489],[-132.6954,54.14814],[-132.70184,54.14716],[-132.70647,54.14173],[-132.72412,54.13663],[-132.73193,54.13646],[-132.73944,54.1384],[-132.7459,54.13742],[-132.75589,54.13316],[-132.7858,54.1319],[-132.79352,54.12967],[-132.80608,54.12635],[-132.8275,54.129],[-132.83023,54.13223],[-132.84621,54.13509],[-132.85527,54.13527],[-132.86615,54.13808],[-132.8784,54.14676],[-132.88605,54.14751],[-132.9053,54.14594],[-132.91006,54.14852],[-132.91161,54.14935],[-132.92995,54.16537],[-132.93634,54.16576],[-132.94742,54.16117],[-132.95331,54.16115],[-132.95663,54.16687],[-132.96417,54.16717],[-132.97084,54.16386],[-132.97629,54.16364],[-132.98007,54.16794],[-132.98639,54.16973],[-132.99625,54.16984],[-133.00388,54.17382],[-133.09111,54.18024],[-133.09769,54.23468],[-133.18475,54.94145],[-132.8454,54.64651],[-132.17165,54.6727],[-131.65724,54.17074]]]}},{"type":"Feature","id":"001262","properties":{"clc":"001262","site_code":"m0000098","country":"CA","name_en":"Dixon Entrance West - west of Langara","nom_fr":"entr\u00e9e Dixon Ouest - \u00e0 l'ouest de Langara","label_lon":-133.79556,"label_lat":54.59014,"color":0},"geometry":{"type":"Polygon","coordinates":[[[-134.5,54.18],[-134.5,55.0],[-133.20175,55.00028],[-133.18475,54.94145],[-133.09769,54.23468],[-133.09111,54.18024],[-133.23786,54.18022],[-134.5,54.18]]]}},{"type":"Feature","id":"001271","properties":{"clc":"001271","site_code":"m0000079","country":"CA","name_en":"West Coast Haida Gwaii - northern half","nom_fr":"c\u00f4te ouest de Haida Gwaii - moiti\u00e9 nord","label_lon":-133.73814,"label_lat":53.5935,"color":2},"geometry":{"type":"Polygon","coordinates":[[[-133.69524,52.7674],[-134.5,53.5],[-134.5,54.18],[-133.23786,54.18022],[-133.13749,53.54356],[-132.57306,53.08656],[-132.56815,53.08252],[-132.55981,53.07567],[-132.55451,53.07131],[-132.55727,53.07042],[-132.6124,53.05612],[-132.87514,52.98746],[-133.69507,52.76745],[-133.69524,52.7674]]]}},{"type":"Feature","id":"001272","properties":{"clc":"001272","site_code":"m0000079","country":"CA","name_en":"West Coast Haida Gwaii - southern half","nom_fr":"c\u00f4te ouest de Haida Gwaii - moiti\u00e9 sud","label_lon":-132.24435,"label_lat":52.15143,"color":0},"geometry":{"type":"Polygon","coordinates":[[[-132.39999,51.52],[-133.4958,52.58097],[-133.69524,52.7674],[-133.69507,52.76745],[-132.87514,52.98746],[-132.6124,53.05612],[-132.55727,53.07042],[-132.55227,53.06688],[-132.55229,53.06688],[-132.43413,52.98253],[-131.97886,52.65298],[-131.01828,51.9331],[-131.14162,51.8973],[-132.39999,51.52]]]}},{"type":"Feature","id":"PZZ130","properties":{"clc":"PZZ130","site_code":"PZZ130","country":"US","name_en":"West Entrance U.S. Waters Strait Of Juan De Fuca","nom_fr":"West Entrance U.S. Waters Strait Of Juan De Fuca","label_lon":-124.38052,"label_lat":48.31313,"color":0},"geometry":{"type":"Polygon","coordinates":[[[-124.2419,48.21227],[-124.25429,48.20829],[-124.26359,48.20676],[-124.27548,48.20654],[-124.28245,48.20724],[-124.28923,48.20882],[-124.29522,48.21104],[-124.30327,48.21193],[-124.31027,48.21372],[-124.32107,48.21859],[-124.33024,48.22578],[-124.35237,48.22992],[-124.3586,48.23212],[-124.36593,48.23586],[-124.37458,48.23712],[-124.38187,48.23681],[-124.38979,48.23761],[-124.40857,48.24231],[-124.41673,48.24512],[-124.42216,48.24805],[-124.43571,48.25745],[-124.4522,48.26194],[-124.45785,48.26406],[-124.46544,48.26815],[-124.47291,48.27372],[-124.4885,48.2799],[-124.4989,48.28517],[-124.50966,48.28854],[-124.51651,48.29207],[-124.52276,48.29652],[-124.52898,48.3029],[-124.53356,48.31097],[-124.53517,48.31592],[-124.53645,48.32325],[-124.53664,48.33],[-124.48108,48.33],[-124.48458,48.33181],[-124.4911,48.33247],[-124.49573,48.33745],[-124.50134,48.33819],[-124.50558,48.3417],[-124.52158,48.34781],[-124.53882,48.34989],[-124.55627,48.3602],[-124.56484,48.36792],[-124.57286,48.36623],[-124.57732,48.37059],[-124.58747,48.3713],[-124.59026,48.37365],[-124.60952,48.36667],[-124.62142,48.36733],[-124.62915,48.37215],[-124.63067,48.37576],[-124.62247,48.37747],[-124.63111,48.37652],[-124.63922,48.3844],[-124.63767,48.38806],[-124.65952,48.39133],[-124.66792,48.38832],[-124.67743,48.39172],[-124.68442,48.38916],[-124.69424,48.39006],[-124.69503,48.38811],[-124.69962,48.3885],[-124.69897,48.38768],[-124.70717,48.38642],[-124.71695,48.38978],[-124.7237,48.38715],[-124.72439,48.38543],[-124.72675,48.3858],[-124.72442,48.38287],[-124.73027,48.38274],[-124.74391,48.48285],[-124.72953,48.48952],[-124.51284,48.42928],[-124.21833,48.34605],[-124.22948,48.25784],[-124.22352,48.25708],[-124.23126,48.25342],[-124.22999,48.25186],[-124.22497,48.25143],[-124.2237,48.25036],[-124.2301,48.24733],[-124.23363,48.24754],[-124.2305,48.24588],[-124.22738,48.24561],[-124.2256,48.24411],[-124.22453,48.2434],[-124.22447,48.24336],[-124.23046,48.24134],[-124.23529,48.24163],[-124.23331,48.24058],[-124.23101,48.2399],[-124.22979,48.2398],[-124.22947,48.23952],[-124.22895,48.23914],[-124.22789,48.23842],[-124.22733,48.23809],[-124.22507,48.2369],[-124.22458,48.23667],[-124.22932,48.23545],[-124.23709,48.23579],[-124.23613,48.23528],[-124.23501,48.23482],[-124.23271,48.23415],[-124.23212,48.23403],[-124.23124,48.23344],[-124.23096,48.23327],[-124.23041,48.23294],[-124.23013,48.23278],[-124.22787,48.23159],[-124.22758,48.23145],[-124.227,48.23118],[-124.2267,48.23105],[-124.2255,48.23058],[-124.2252,48.23047],[-124.22466,48.23028],[-124.23042,48.22937],[-124.2391,48.23006],[-124.23894,48.22998],[-124.23839,48.22972],[-124.23728,48.22927],[-124.2368,48.2291],[-124.23299,48.22751],[-124.23293,48.22747],[-124.23067,48.22628],[-124.23052,48.22621],[-124.23023,48.22607],[-124.23009,48.226],[-124.2295,48.22573],[-124.22936,48.22566],[-124.22906,48.22553],[-124.22891,48.22547],[-124.22772,48.225],[-124.22757,48.22494],[-124.22726,48.22483],[-124.22711,48.22478],[-124.2265,48.22457],[-124.22635,48.22452],[-124.22604,48.22443],[-124.22589,48.22438],[-124.22484,48.2241],[-124.23116,48.22336],[-124.24135,48.22444],[-124.23277,48.22063],[-124.23267,48.22058],[-124.2326,48.22055],[-124.23201,48.22028],[-124.23194,48.22024],[-124.23179,48.22018],[-124.23172,48.22015],[-124.23142,48.22002],[-124.23135,48.21999],[-124.2312,48.21993],[-124.23113,48.2199],[-124.22993,48.21942],[-124.22986,48.21939],[-124.2297,48.21934],[-124.22963,48.21931],[-124.22933,48.2192],[-124.22925,48.21917],[-124.2291,48.21912],[-124.22902,48.21909],[-124.22841,48.21889],[-124.22834,48.21886],[-124.22818,48.21881],[-124.22811,48.21879],[-124.2278,48.21869],[-124.22772,48.21867],[-124.22757,48.21862],[-124.22749,48.2186],[-124.22509,48.21794],[-124.2317,48.21738],[-124.24206,48.21843],[-124.2421,48.21844],[-124.2425,48.21854],[-124.24262,48.21849],[-124.23633,48.2157],[-124.23626,48.21567],[-124.23623,48.21565],[-124.23615,48.21561],[-124.23612,48.21559],[-124.23598,48.21552],[-124.23594,48.2155],[-124.23587,48.21546],[-124.23583,48.21545],[-124.23554,48.2153],[-124.23551,48.21529],[-124.23543,48.21525],[-124.2354,48.21523],[-124.23525,48.21516],[-124.23522,48.21515],[-124.23514,48.21511],[-124.23511,48.2151],[-124.23452,48.21483],[-124.23449,48.21481],[-124.23441,48.21478],[-124.23438,48.21476],[-124.23423,48.21469],[-124.23419,48.21468],[-124.23412,48.21465],[-124.23408,48.21463],[-124.23378,48.2145],[-124.23375,48.21449],[-124.23367,48.21446],[-124.23364,48.21444],[-124.23349,48.21438],[-124.23345,48.21436],[-124.23338,48.21433],[-124.23334,48.21432],[-124.23214,48.21385],[-124.23211,48.21383],[-124.23203,48.2138],[-124.23199,48.21379],[-124.23184,48.21373],[-124.23181,48.21372],[-124.23173,48.21369],[-124.23169,48.21367],[-124.23139,48.21356],[-124.23135,48.21355],[-124.23128,48.21352],[-124.23124,48.21351],[-124.23109,48.21345],[-124.23105,48.21344],[-124.23097,48.21342],[-124.23093,48.2134],[-124.23032,48.2132],[-124.23029,48.21318],[-124.23021,48.21316],[-124.23017,48.21315],[-124.23002,48.2131],[-124.22998,48.21309],[-124.2299,48.21306],[-124.22986,48.21305],[-124.22956,48.21296],[-124.22952,48.21294],[-124.22944,48.21292],[-124.2294,48.21291],[-124.22925,48.21286],[-124.22921,48.21285],[-124.22913,48.21283],[-124.22909,48.21282],[-124.22795,48.2125],[-124.22559,48.21175],[-124.23187,48.21138],[-124.2419,48.21227]]]}},{"type":"Feature","id":"PZZ131","properties":{"clc":"PZZ131","site_code":"PZZ131","country":"US","name_en":"Central U.S. Waters Strait Of Juan De Fuca","nom_fr":"Central U.S. Waters Strait Of Juan De Fuca","label_lon":-123.25933,"label_lat":48.19906,"color":2},"geometry":{"type":"Polygon","coordinates":[[[-124.2324,48.21143],[-124.23187,48.21138],[-124.23174,48.21139],[-124.2314,48.21137],[-124.22755,48.21163],[-124.22559,48.21175],[-124.22565,48.21177],[-124.22536,48.21179],[-124.23203,48.2138],[-124.24262,48.21849],[-124.24206,48.21843],[-124.2317,48.21738],[-124.22509,48.21794],[-124.23113,48.2199],[-124.24115,48.22439],[-124.23116,48.22336],[-124.22484,48.2241],[-124.2391,48.23006],[-124.23042,48.22937],[-124.22466,48.23028],[-124.23212,48.23403],[-124.23709,48.23579],[-124.22932,48.23545],[-124.22458,48.23667],[-124.22979,48.2398],[-124.23529,48.24163],[-124.23046,48.24134],[-124.22447,48.24336],[-124.22738,48.24561],[-124.2305,48.24588],[-124.23363,48.24754],[-124.2301,48.24733],[-124.2237,48.25036],[-124.22497,48.25143],[-124.22999,48.25186],[-124.23126,48.25342],[-124.22352,48.25708],[-124.22948,48.25784],[-124.21833,48.34605],[-124.02,48.29],[-123.69,48.24],[-123.54,48.22],[-123.41742,48.2497],[-123.24844,48.28403],[-123.20104,48.33339],[-123.12385,48.1782],[-123.14478,48.17594],[-123.15199,48.1732],[-123.16751,48.16361],[-123.19152,48.14382],[-123.21719,48.1272],[-123.24722,48.11591],[-123.25503,48.11753],[-123.26646,48.11614],[-123.27772,48.11685],[-123.28826,48.12104],[-123.31768,48.11329],[-123.33734,48.11324],[-123.34574,48.11772],[-123.35086,48.11818],[-123.37331,48.1144],[-123.39505,48.11424],[-123.40545,48.1166],[-123.40801,48.11831],[-123.40784,48.12046],[-123.40996,48.11685],[-123.41286,48.11619],[-123.42545,48.11827],[-123.43034,48.12072],[-123.42955,48.12204],[-123.43136,48.12081],[-123.43132,48.12227],[-123.43313,48.12138],[-123.44208,48.12434],[-123.44047,48.12524],[-123.44593,48.12435],[-123.45126,48.12608],[-123.44975,48.12513],[-123.45105,48.12412],[-123.45695,48.12659],[-123.45385,48.12698],[-123.46044,48.12949],[-123.46116,48.13244],[-123.46416,48.13456],[-123.45764,48.13833],[-123.43972,48.14122],[-123.42254,48.14114],[-123.40264,48.13865],[-123.40155,48.14016],[-123.40383,48.14116],[-123.44012,48.14201],[-123.45546,48.14005],[-123.47338,48.13408],[-123.50723,48.13181],[-123.52065,48.13474],[-123.53488,48.14578],[-123.55113,48.15138],[-123.56059,48.1507],[-123.57561,48.14005],[-123.58698,48.13538],[-123.59493,48.13506],[-123.61252,48.1386],[-123.6263,48.13875],[-123.6338,48.14106],[-123.64168,48.14698],[-123.63697,48.15016],[-123.63918,48.15217],[-123.64185,48.15183],[-123.65141,48.15695],[-123.65551,48.15661],[-123.66015,48.15965],[-123.67244,48.16272],[-123.70107,48.16544],[-123.70906,48.16779],[-123.70506,48.16313],[-123.71835,48.15871],[-123.72754,48.16029],[-123.72891,48.16248],[-123.72634,48.16285],[-123.72676,48.16408],[-123.73048,48.16513],[-123.73526,48.16401],[-123.73556,48.16205],[-123.73932,48.16019],[-123.75639,48.16106],[-123.77812,48.15547],[-123.80862,48.15472],[-123.81753,48.15591],[-123.82679,48.16111],[-123.82952,48.16064],[-123.82935,48.1592],[-123.83157,48.15794],[-123.83939,48.1562],[-123.86268,48.15429],[-123.87112,48.1568],[-123.87242,48.15945],[-123.8787,48.15991],[-123.88085,48.16158],[-123.89438,48.15955],[-123.90278,48.16058],[-123.91559,48.15935],[-123.92215,48.16125],[-123.92437,48.16015],[-123.93834,48.16143],[-123.94278,48.16674],[-123.94933,48.16518],[-123.95388,48.16664],[-123.96566,48.16472],[-123.98103,48.16476],[-123.98216,48.16641],[-123.99613,48.16811],[-123.99877,48.17236],[-124.0164,48.1718],[-124.02279,48.17276],[-124.02405,48.17511],[-124.03539,48.17509],[-124.05073,48.17775],[-124.06054,48.18252],[-124.06061,48.18595],[-124.06406,48.18604],[-124.09916,48.19924],[-124.10607,48.19947],[-124.10704,48.2],[-124.20608,48.2],[-124.23069,48.20704],[-124.24251,48.21203],[-124.2324,48.21143]]]}},{"type":"Feature","id":"PZZ132","properties":{"clc":"PZZ132","site_code":"PZZ132","country":"US","name_en":"East Entrance U.S. Waters Strait Of Juan De Fuca","nom_fr":"East Entrance U.S. Waters Strait Of Juan De Fuca","label_lon":-122.98505,"label_lat":48.26585,"color":0},"geometry":{"type":"Polygon","coordinates":[[[-122.68645,48.3415],[-122.69379,48.33078],[-122.69989,48.32815],[-122.70708,48.31529],[-122.72259,48.30427],[-122.73202,48.27943],[-122.75256,48.26006],[-122.75795,48.25069],[-122.76257,48.23783],[-122.76994,48.22755],[-122.77004,48.2244],[-122.76211,48.21493],[-122.77126,48.14342],[-122.78821,48.14236],[-122.82996,48.1345],[-122.83768,48.13655],[-122.84675,48.12768],[-122.86517,48.11623],[-122.88105,48.10885],[-122.88521,48.10512],[-122.8847,48.10226],[-122.87983,48.09797],[-122.87926,48.09077],[-122.88223,48.08563],[-122.89169,48.07622],[-122.88494,48.07729],[-122.87596,48.07539],[-122.85773,48.06577],[-122.8569,48.06127],[-122.8523,48.05839],[-122.8524,48.05613],[-122.84892,48.05355],[-122.83031,48.0485],[-122.82683,48.04549],[-122.82986,48.02396],[-122.83428,48.01392],[-122.83336,48.01027],[-122.83802,48.00661],[-122.84,48.00195],[-122.8516,47.99574],[-122.86423,47.99372],[-122.87862,47.99383],[-122.88002,47.99317],[-122.87746,47.99337],[-122.88288,47.99038],[-122.88441,47.98983],[-122.88574,47.99155],[-122.88717,47.99077],[-122.88574,47.99011],[-122.88921,47.98949],[-122.88754,47.9929],[-122.87981,47.99772],[-122.88236,47.99762],[-122.88087,47.99904],[-122.87628,47.99857],[-122.86401,48.00512],[-122.86142,48.0083],[-122.86003,48.01513],[-122.85677,48.01698],[-122.86116,48.02066],[-122.86714,48.03798],[-122.87041,48.03853],[-122.87492,48.04444],[-122.87318,48.04732],[-122.8896,48.04939],[-122.91472,48.05696],[-122.92037,48.05904],[-122.92685,48.06459],[-122.92798,48.06736],[-122.92664,48.0741],[-122.92091,48.0882],[-122.91504,48.09377],[-122.916,48.09553],[-122.93858,48.09643],[-122.94612,48.09855],[-122.9761,48.09656],[-123.00413,48.09052],[-123.01665,48.08538],[-123.04104,48.08063],[-123.04066,48.07926],[-123.02273,48.08269],[-123.01965,48.08065],[-123.02129,48.0791],[-123.02354,48.08234],[-123.02164,48.07823],[-123.00702,48.0689],[-123.00525,48.06314],[-123.0114,48.05434],[-123.00066,48.04022],[-122.99857,48.02653],[-122.99735,48.02863],[-122.99618,48.02728],[-122.99881,48.02347],[-123.0052,48.02317],[-123.01919,48.03138],[-123.02048,48.03337],[-123.01881,48.03611],[-123.02708,48.04119],[-123.03778,48.05325],[-123.04572,48.05732],[-123.04429,48.06057],[-123.0402,48.06196],[-123.04582,48.07122],[-123.04588,48.08283],[-123.04762,48.08048],[-123.05004,48.08043],[-123.05369,48.08308],[-123.04707,48.08706],[-123.04622,48.0924],[-123.04547,48.08904],[-123.04329,48.08813],[-123.04465,48.08754],[-123.04414,48.08287],[-123.04066,48.08324],[-123.04134,48.08635],[-123.05147,48.10465],[-123.05874,48.11393],[-123.06621,48.12047],[-123.08515,48.12714],[-123.10756,48.14292],[-123.11314,48.15149],[-123.11648,48.15021],[-123.12482,48.15347],[-123.13097,48.15295],[-123.13439,48.15069],[-123.14743,48.15181],[-123.15092,48.15444],[-123.14944,48.15858],[-123.15389,48.15026],[-123.16267,48.14994],[-123.17728,48.14645],[-123.18544,48.14688],[-123.17906,48.15381],[-123.16604,48.16377],[-123.14864,48.17403],[-123.14365,48.17553],[-123.13703,48.17361],[-123.14131,48.16694],[-123.14106,48.17382],[-123.14277,48.17222],[-123.14213,48.16443],[-123.14534,48.15778],[-123.14323,48.15663],[-123.13926,48.16648],[-123.13242,48.17471],[-123.11555,48.18063],[-123.1078,48.18093],[-123.10223,48.18301],[-123.10332,48.18465],[-123.12385,48.1782],[-123.20104,48.33339],[-123.12958,48.40779],[-123.1173,48.42058],[-122.66421,48.39061],[-122.66531,48.37334],[-122.67373,48.35468],[-122.68343,48.34301],[-122.68645,48.3415]],[[-122.90875,48.12638],[-122.9267,48.13262],[-122.93045,48.1326],[-122.94046,48.12579],[-122.94626,48.11876],[-122.94237,48.12109],[-122.93612,48.1212],[-122.91898,48.12673],[-122.90875,48.12638]]]}},{"type":"Feature","id":"PZZ133","properties":{"clc":"PZZ133","site_code":"PZZ133","country":"US","name_en":"Northern Inland Waters Including The San Juan Islands","nom_fr":"Northern Inland Waters Including The San Juan Islands","label_lon":-122.77126,"label_lat":48.65882,"color":1},"geometry":{"type":"Polygon","coordinates":[[[-123.26541,48.69141],[-123.26496,48.69155],[-123.23379,48.70114],[-123.13817,48.73056],[-123.0085,48.76711],[-123.0085,48.83122],[-123.1,48.88105],[-123.10238,48.88235],[-123.31,49.0],[-123.09059,49.00205],[-123.08872,48.99728],[-123.08494,49.00406],[-123.0821,48.99683],[-123.07917,49.00208],[-123.08089,49.005],[-123.07886,49.005],[-123.07547,48.99639],[-123.07393,48.99916],[-123.074,49.005],[-122.8,49.005],[-122.8,49.00208],[-122.75785,49.00208],[-122.48457,48.75335],[-122.34004,48.09682],[-122.36309,48.05504],[-122.36422,48.05469],[-122.37266,48.04022],[-122.3763,48.03108],[-122.37453,48.02514],[-122.37326,48.00079],[-122.36916,47.9953],[-122.36309,47.99083],[-122.35074,47.95324],[-122.3571,47.94388],[-122.35819,47.93978],[-122.35972,47.93701],[-122.36641,47.934],[-122.37684,47.92371],[-122.37584,47.90935],[-122.37625,47.90715],[-122.37992,47.90412],[-122.39276,47.9067],[-122.39735,47.91233],[-122.3934,47.91945],[-122.39207,47.91849],[-122.39494,47.91271],[-122.38639,47.92302],[-122.38639,47.92574],[-122.38884,47.92697],[-122.39251,47.92755],[-122.39078,47.92551],[-122.38673,47.92507],[-122.38721,47.92403],[-122.40453,47.9214],[-122.41231,47.91286],[-122.41927,47.91213],[-122.43185,47.91421],[-122.43069,47.91766],[-122.44552,47.93023],[-122.44575,47.93619],[-122.44079,47.94659],[-122.44076,47.95185],[-122.44668,47.96315],[-122.45315,47.97033],[-122.46254,47.97632],[-122.47082,47.98468],[-122.47099,47.98607],[-122.4668,47.98235],[-122.47014,47.98758],[-122.4714,47.98804],[-122.47164,47.98676],[-122.47266,47.98845],[-122.48465,47.99105],[-122.48608,47.99354],[-122.48059,47.99144],[-122.48094,47.99622],[-122.49139,47.99535],[-122.49224,47.99233],[-122.48989,47.99068],[-122.48666,47.99254],[-122.4875,47.99073],[-122.50998,47.98369],[-122.51591,47.98029],[-122.51778,47.97492],[-122.52248,47.97249],[-122.54576,47.96709],[-122.54865,47.97134],[-122.55212,47.97257],[-122.55151,47.9765],[-122.54385,47.98447],[-122.54156,47.993],[-122.54681,47.99982],[-122.56001,48.0065],[-122.58178,48.01038],[-122.58808,48.01696],[-122.59384,48.02037],[-122.59801,48.02698],[-122.60735,48.03099],[-122.59689,48.03871],[-122.59362,48.0472],[-122.59492,48.05632],[-122.60574,48.06422],[-122.60693,48.0682],[-122.61403,48.07279],[-122.61321,48.07948],[-122.60729,48.08804],[-122.5983,48.11062],[-122.60255,48.13687],[-122.60543,48.14478],[-122.61158,48.15463],[-122.6243,48.16179],[-122.64406,48.16377],[-122.65954,48.16179],[-122.67115,48.15727],[-122.67156,48.15937],[-122.67395,48.15928],[-122.67368,48.15628],[-122.67905,48.15477],[-122.68307,48.16165],[-122.68567,48.17294],[-122.69141,48.1803],[-122.70053,48.18494],[-122.70904,48.19239],[-122.73503,48.19997],[-122.74461,48.20965],[-122.76211,48.21493],[-122.77004,48.2244],[-122.76994,48.22755],[-122.76257,48.23783],[-122.75795,48.25069],[-122.75256,48.26006],[-122.73202,48.27943],[-122.72259,48.30427],[-122.70708,48.31529],[-122.69989,48.32815],[-122.69379,48.33078],[-122.68645,48.3415],[-122.68343,48.34301],[-122.67373,48.35468],[-122.66531,48.37334],[-122.66421,48.39061],[-123.1173,48.42058],[-123.11514,48.42283],[-123.11576,48.42326],[-123.13964,48.43963],[-123.16,48.46],[-123.21894,48.54872],[-123.26687,48.69096],[-123.26541,48.69141]]]}},{"type":"Feature","id":"PZZ134","properties":{"clc":"PZZ134","site_code":"PZZ134","country":"US","name_en":"Admiralty Inlet","nom_fr":"Admiralty Inlet","label_lon":-122.63145,"label_lat":47.99121,"color":2},"geometry":{"type":"Polygon","coordinates":[[[-122.67395,48.15928],[-122.67156,48.15937],[-122.67115,48.15727],[-122.65954,48.16179],[-122.64406,48.16377],[-122.6243,48.16179],[-122.61158,48.15463],[-122.60543,48.14478],[-122.60255,48.13687],[-122.5983,48.11062],[-122.60729,48.08804],[-122.61321,48.07948],[-122.61403,48.07279],[-122.60693,48.0682],[-122.60574,48.06422],[-122.59492,48.05632],[-122.59362,48.0472],[-122.59689,48.03871],[-122.60735,48.03099],[-122.59801,48.02698],[-122.59384,48.02037],[-122.58808,48.01696],[-122.58178,48.01038],[-122.56001,48.0065],[-122.54681,47.99982],[-122.54156,47.993],[-122.54385,47.98447],[-122.55151,47.9765],[-122.55212,47.97257],[-122.55102,47.97213],[-122.65747,47.93088],[-122.66163,47.93097],[-122.67405,47.91717],[-122.6815,47.91468],[-122.68697,47.91464],[-122.68955,47.91562],[-122.68928,47.91774],[-122.69369,47.9179],[-122.69288,47.91464],[-122.70169,47.91349],[-122.6988,47.91706],[-122.70492,47.91717],[-122.68826,47.92314],[-122.68201,47.92191],[-122.68064,47.93212],[-122.68486,47.94339],[-122.67843,47.95522],[-122.67567,47.95589],[-122.67713,47.95625],[-122.67618,47.95899],[-122.68004,47.96204],[-122.6788,47.96793],[-122.68322,47.97223],[-122.70129,47.97298],[-122.71808,47.98774],[-122.72177,48.00622],[-122.72804,48.01468],[-122.72764,48.01687],[-122.73108,48.0189],[-122.72601,48.02466],[-122.72669,48.02596],[-122.73321,48.03248],[-122.73613,48.03353],[-122.74458,48.029],[-122.74799,48.02884],[-122.75033,48.02623],[-122.75337,48.03096],[-122.75282,48.03256],[-122.75093,48.03059],[-122.75058,48.03171],[-122.75436,48.03617],[-122.76532,48.04066],[-122.7662,48.0439],[-122.7708,48.04811],[-122.77915,48.04859],[-122.76978,48.0498],[-122.77056,48.05343],[-122.76616,48.05738],[-122.77383,48.06009],[-122.78337,48.06754],[-122.78868,48.07885],[-122.80041,48.08543],[-122.8014,48.08756],[-122.79845,48.09245],[-122.79471,48.09263],[-122.79345,48.09672],[-122.78085,48.10495],[-122.76662,48.10901],[-122.75075,48.11595],[-122.75128,48.11773],[-122.74891,48.11703],[-122.762,48.13056],[-122.76097,48.13757],[-122.75382,48.14422],[-122.76475,48.14272],[-122.77126,48.14342],[-122.76211,48.21493],[-122.74461,48.20965],[-122.73503,48.19997],[-122.70904,48.19239],[-122.70053,48.18494],[-122.69141,48.1803],[-122.68567,48.17294],[-122.68307,48.16165],[-122.67905,48.15477],[-122.67368,48.15628],[-122.67395,48.15928]],[[-122.71732,48.09119],[-122.71541,48.08498],[-122.71374,48.08525],[-122.71514,48.08315],[-122.71098,48.07961],[-122.7092,48.07524],[-122.70306,48.0701],[-122.70354,48.06658],[-122.70057,48.05826],[-122.69801,48.05899],[-122.69211,48.05703],[-122.69061,48.05408],[-122.69205,48.04935],[-122.69433,48.05468],[-122.69842,48.05488],[-122.70329,48.0523],[-122.7035,48.04919],[-122.7008,48.04169],[-122.69078,48.03066],[-122.69821,48.02318],[-122.69927,48.01827],[-122.70101,48.01837],[-122.70366,48.02709],[-122.70618,48.03022],[-122.70571,48.03365],[-122.71593,48.04043],[-122.71253,48.04581],[-122.71549,48.04695],[-122.71997,48.06075],[-122.71977,48.0666],[-122.71755,48.06994],[-122.72434,48.07583],[-122.72755,48.08248],[-122.72565,48.08794],[-122.74007,48.08024],[-122.74821,48.07256],[-122.74797,48.07095],[-122.74234,48.0713],[-122.73927,48.06915],[-122.74,48.05412],[-122.74222,48.04884],[-122.73904,48.04717],[-122.73611,48.04292],[-122.73604,48.03826],[-122.73331,48.03627],[-122.73358,48.03488],[-122.72383,48.02526],[-122.72052,48.02562],[-122.71371,48.02325],[-122.70958,48.01971],[-122.69718,48.01498],[-122.69006,48.00842],[-122.68489,48.00908],[-122.66987,48.01722],[-122.67198,48.0203],[-122.66874,48.03139],[-122.67715,48.03635],[-122.68267,48.04371],[-122.68434,48.0496],[-122.68285,48.05529],[-122.68506,48.05906],[-122.68434,48.06382],[-122.68629,48.06727],[-122.68543,48.07367],[-122.69072,48.08183],[-122.69222,48.08708],[-122.69164,48.09673],[-122.68724,48.10166],[-122.69846,48.1031],[-122.71856,48.09757],[-122.72944,48.09247],[-122.72459,48.09409],[-122.71732,48.09119]]]}},{"type":"Feature","id":"PZZ135","properties":{"clc":"PZZ135","site_code":"PZZ135","country":"US","name_en":"Puget Sound and Hood Canal","nom_fr":"Puget Sound and Hood Canal","label_lon":-122.43493,"label_lat":47.85193,"color":0},"geometry":{"type":"Polygon","coordinates":[[[-122.28061,48.06296],[-122.27691,48.0581],[-122.27251,48.05668],[-122.27489,48.05494],[-122.27243,48.05345],[-122.27373,48.05092],[-122.28261,48.05169],[-122.28896,48.05483],[-122.28636,48.05513],[-122.29026,48.05519],[-122.29126,48.05285],[-122.26926,48.04582],[-122.24736,48.03394],[-122.23901,48.03107],[-122.22692,48.03058],[-122.22597,48.03263],[-122.22958,48.03546],[-122.22902,48.03664],[-122.21706,48.04268],[-122.20967,48.03268],[-122.2083,48.02851],[-122.20543,48.02715],[-122.20708,48.02463],[-122.19905,48.02244],[-122.20952,48.02375],[-122.20938,48.02234],[-122.21167,48.02165],[-122.21184,48.01722],[-122.21004,48.01572],[-122.21425,48.01632],[-122.21194,48.01312],[-122.21484,48.00552],[-122.22283,48.00487],[-122.22293,48.00355],[-122.21574,48.00342],[-122.21591,48.0016],[-122.22357,48.00167],[-122.22365,47.99912],[-122.21618,47.99864],[-122.21431,47.9945],[-122.22429,47.99353],[-122.22726,47.98597],[-122.23,47.9832],[-122.22933,47.98134],[-122.22765,47.98319],[-122.22698,47.98124],[-122.2255,47.98416],[-122.22736,47.98466],[-122.22625,47.98612],[-122.22408,47.98562],[-122.22275,47.9883],[-122.21809,47.98763],[-122.21995,47.98322],[-122.21779,47.98235],[-122.21838,47.98089],[-122.22234,47.98172],[-122.21916,47.98015],[-122.22273,47.98019],[-122.22023,47.97901],[-122.22132,47.97821],[-122.22495,47.97906],[-122.22262,47.97658],[-122.22634,47.97641],[-122.22905,47.97432],[-122.23004,47.97092],[-122.24901,47.95951],[-122.27805,47.95652],[-122.28795,47.95262],[-122.30704,47.94912],[-122.31115,47.93672],[-122.30975,47.92912],[-122.31074,47.92512],[-122.32194,47.91312],[-122.32265,47.90882],[-122.32854,47.89792],[-122.32764,47.89342],[-122.33354,47.88025],[-122.33014,47.87532],[-122.32954,47.86942],[-122.33504,47.86132],[-122.33473,47.85631],[-122.33729,47.85012],[-122.34654,47.84242],[-122.35324,47.84062],[-122.37424,47.82172],[-122.37984,47.81482],[-122.39204,47.80772],[-122.39494,47.80332],[-122.39104,47.79132],[-122.39214,47.78542],[-122.39654,47.78272],[-122.39704,47.77972],[-122.39454,47.77792],[-122.39443,47.77221],[-122.3802,47.75851],[-122.38264,47.74912],[-122.37314,47.72922],[-122.37614,47.72242],[-122.37644,47.71652],[-122.38104,47.70857],[-122.40504,47.69582],[-122.40624,47.69302],[-122.40384,47.68942],[-122.40784,47.68012],[-122.41254,47.67622],[-122.41064,47.67182],[-122.41754,47.67022],[-122.42504,47.66482],[-122.43694,47.66172],[-122.42984,47.65892],[-122.42014,47.65192],[-122.41784,47.64842],[-122.41803,47.64382],[-122.41464,47.63977],[-122.40424,47.63392],[-122.39374,47.63102],[-122.38374,47.63073],[-122.38374,47.62632],[-122.38214,47.62632],[-122.38204,47.63312],[-122.38094,47.63312],[-122.38094,47.62622],[-122.37934,47.62622],[-122.37904,47.63312],[-122.37794,47.62652],[-122.36782,47.62421],[-122.35792,47.61671],[-122.35953,47.61652],[-122.35544,47.61512],[-122.35673,47.61452],[-122.34193,47.60742],[-122.34093,47.60642],[-122.34223,47.60592],[-122.34034,47.60572],[-122.34174,47.60522],[-122.33864,47.60372],[-122.34083,47.60362],[-122.33854,47.60332],[-122.33998,47.60168],[-122.33633,47.60102],[-122.33954,47.60042],[-122.33723,47.59922],[-122.33951,47.59911],[-122.34293,47.59052],[-122.34978,47.58904],[-122.35123,47.58722],[-122.35374,47.58702],[-122.35414,47.58851],[-122.35436,47.58688],[-122.35604,47.58685],[-122.35664,47.58842],[-122.35682,47.58664],[-122.35824,47.58792],[-122.35824,47.58482],[-122.3651,47.58459],[-122.36573,47.58592],[-122.37017,47.58309],[-122.37542,47.58518],[-122.37964,47.58882],[-122.37814,47.58812],[-122.38114,47.59092],[-122.38174,47.59392],[-122.38721,47.5964],[-122.40184,47.58392],[-122.42114,47.57602],[-122.40984,47.56892],[-122.40974,47.56652],[-122.39834,47.55012],[-122.39944,47.54582],[-122.39584,47.53562],[-122.40104,47.53082],[-122.39444,47.52562],[-122.39394,47.52322],[-122.39514,47.52012],[-122.39924,47.51712],[-122.38663,47.50222],[-122.36523,47.48842],[-122.36134,47.48142],[-122.36913,47.47082],[-122.36803,47.45922],[-122.38313,47.45052],[-122.36704,47.44762],[-122.35513,47.44192],[-122.34803,47.41592],[-122.33523,47.40842],[-122.32843,47.40062],[-122.32573,47.39152],[-122.32723,47.38772],[-122.32523,47.37382],[-122.32693,47.37322],[-122.32483,47.36842],[-122.32583,47.36472],[-122.32483,47.34852],[-122.33693,47.34142],[-122.37223,47.33372],[-122.37943,47.32642],[-122.38492,47.32591],[-122.38763,47.32792],[-122.39613,47.32702],[-122.40324,47.32232],[-122.42353,47.31912],[-122.42973,47.32012],[-122.43503,47.30842],[-122.44421,47.30625],[-122.44463,47.30042],[-122.43233,47.29602],[-122.42423,47.29752],[-122.41373,47.29392],[-122.40663,47.28552],[-122.41483,47.28502],[-122.41193,47.28252],[-122.41623,47.27792],[-122.41573,47.27522],[-122.41763,47.27622],[-122.42013,47.27272],[-122.41093,47.26942],[-122.41543,47.26882],[-122.41203,47.26572],[-122.41704,47.26642],[-122.42053,47.27042],[-122.42273,47.26962],[-122.41643,47.26212],[-122.42343,47.26952],[-122.42593,47.26902],[-122.41804,47.26074],[-122.41936,47.25963],[-122.43004,47.26942],[-122.43023,47.26672],[-122.42713,47.26252],[-122.42893,47.26202],[-122.43204,47.26632],[-122.43333,47.26582],[-122.42633,47.25562],[-122.42744,47.25522],[-122.43323,47.26352],[-122.43493,47.26242],[-122.43573,47.26092],[-122.43077,47.24897],[-122.43103,47.24162],[-122.43413,47.25362],[-122.43793,47.26022],[-122.44493,47.26752],[-122.45514,47.27352],[-122.47165,47.27732],[-122.49974,47.29502],[-122.49874,47.29612],[-122.51214,47.30702],[-122.51314,47.30642],[-122.50764,47.30252],[-122.50914,47.30172],[-122.53334,47.31662],[-122.54024,47.31852],[-122.54755,47.31765],[-122.54784,47.31582],[-122.53583,47.30292],[-122.52914,47.29262],[-122.52994,47.28192],[-122.53403,47.27512],[-122.55284,47.25412],[-122.55224,47.24902],[-122.55643,47.24432],[-122.55904,47.24462],[-122.55904,47.24112],[-122.56223,47.23652],[-122.56064,47.24452],[-122.56274,47.24442],[-122.56444,47.22742],[-122.56734,47.22242],[-122.58044,47.20972],[-122.58354,47.20042],[-122.58204,47.19262],[-122.58343,47.18682],[-122.59054,47.17692],[-122.60574,47.17172],[-122.60664,47.17012],[-122.60884,47.17092],[-122.61314,47.16892],[-122.61624,47.15692],[-122.63024,47.13922],[-122.63644,47.13582],[-122.64534,47.13462],[-122.65564,47.12842],[-122.66906,47.1146],[-122.67684,47.10212],[-122.68423,47.09736],[-122.69322,47.09996],[-122.69372,47.10165],[-122.6973,47.09715],[-122.69579,47.09651],[-122.70141,47.09814],[-122.7024,47.09512],[-122.70444,47.09343],[-122.70579,47.09356],[-122.70342,47.09601],[-122.70798,47.09469],[-122.71442,47.09813],[-122.71194,47.09337],[-122.71462,47.09526],[-122.71546,47.09362],[-122.71757,47.09519],[-122.71909,47.09408],[-122.71923,47.09541],[-122.72204,47.09356],[-122.72204,47.09561],[-122.72399,47.09471],[-122.7228,47.0971],[-122.72414,47.09674],[-122.72645,47.09214],[-122.72388,47.08509],[-122.72698,47.08439],[-122.728,47.0862],[-122.73078,47.08304],[-122.7295,47.07782],[-122.73258,47.07499],[-122.72915,47.07503],[-122.72781,47.07409],[-122.73157,47.07091],[-122.73222,47.07239],[-122.72904,47.07433],[-122.73385,47.07486],[-122.73131,47.0782],[-122.7321,47.08317],[-122.72915,47.087],[-122.72756,47.10134],[-122.7368,47.10566],[-122.74067,47.10587],[-122.74117,47.10421],[-122.7413,47.10707],[-122.75344,47.11197],[-122.7581,47.11718],[-122.76112,47.11818],[-122.76382,47.11709],[-122.76173,47.11835],[-122.76363,47.12013],[-122.7764,47.12115],[-122.77634,47.12385],[-122.7782,47.12571],[-122.78661,47.12716],[-122.78931,47.13692],[-122.78743,47.14185],[-122.79097,47.14324],[-122.79404,47.15287],[-122.79752,47.15278],[-122.79655,47.15252],[-122.80138,47.14965],[-122.79803,47.15559],[-122.80464,47.16446],[-122.80844,47.1632],[-122.80728,47.1591],[-122.81042,47.16098],[-122.80966,47.16503],[-122.81197,47.16882],[-122.81415,47.16798],[-122.81273,47.17096],[-122.81519,47.17811],[-122.82109,47.176],[-122.82725,47.16174],[-122.82866,47.13944],[-122.82692,47.1361],[-122.82957,47.13266],[-122.82712,47.13398],[-122.82962,47.13201],[-122.83008,47.12774],[-122.8275,47.12954],[-122.82597,47.12664],[-122.82809,47.12691],[-122.8306,47.12008],[-122.82982,47.11664],[-122.82526,47.11456],[-122.82643,47.11373],[-122.82272,47.11348],[-122.82536,47.11277],[-122.82553,47.10849],[-122.8235,47.10718],[-122.826,47.10518],[-122.82564,47.10351],[-122.82495,47.10544],[-122.82316,47.10548],[-122.8241,47.10121],[-122.82204,47.10112],[-122.82114,47.10013],[-122.82454,47.09989],[-122.82425,47.096],[-122.82255,47.09456],[-122.82352,47.09239],[-122.82323,47.09432],[-122.82495,47.09564],[-122.8288,47.09499],[-122.82729,47.09942],[-122.82967,47.10068],[-122.82716,47.10132],[-122.8288,47.10362],[-122.82842,47.111],[-122.83002,47.11099],[-122.83147,47.11533],[-122.83881,47.12052],[-122.84239,47.1302],[-122.84483,47.1306],[-122.83997,47.13318],[-122.84503,47.13626],[-122.84312,47.14056],[-122.84479,47.1475],[-122.83856,47.15155],[-122.84068,47.15357],[-122.84235,47.16419],[-122.845,47.16442],[-122.84853,47.16147],[-122.85167,47.16507],[-122.85501,47.16247],[-122.86105,47.16208],[-122.86362,47.15825],[-122.87152,47.1568],[-122.87637,47.15475],[-122.87651,47.15309],[-122.87704,47.15433],[-122.88461,47.14604],[-122.89102,47.14439],[-122.89362,47.14048],[-122.89325,47.14354],[-122.89607,47.1462],[-122.90105,47.14422],[-122.90091,47.14011],[-122.90744,47.14022],[-122.90388,47.1279],[-122.89468,47.11834],[-122.89287,47.11349],[-122.89427,47.09854],[-122.90103,47.0878],[-122.90131,47.08135],[-122.90458,47.07577],[-122.90209,47.07078],[-122.89515,47.07422],[-122.89905,47.07102],[-122.89265,47.05072],[-122.895,47.04664],[-122.89593,47.04915],[-122.89964,47.05009],[-122.90095,47.05794],[-122.90519,47.05845],[-122.90502,47.05666],[-122.90645,47.05642],[-122.90569,47.0518],[-122.90418,47.05102],[-122.90438,47.04482],[-122.90889,47.04425],[-122.90841,47.04305],[-122.90476,47.04325],[-122.9046,47.0398],[-122.90857,47.03792],[-122.90865,47.03642],[-122.90305,47.02382],[-122.89828,47.02321],[-122.90025,47.02012],[-122.90463,47.01771],[-122.90285,47.02042],[-122.90354,47.0223],[-122.90845,47.02302],[-122.91015,47.02512],[-122.90926,47.03134],[-122.91135,47.03534],[-122.91065,47.03172],[-122.91455,47.03192],[-122.91285,47.03412],[-122.91374,47.03561],[-122.90987,47.03712],[-122.9128,47.03767],[-122.91375,47.04055],[-122.90932,47.04321],[-122.91154,47.04455],[-122.91115,47.05282],[-122.91255,47.05322],[-122.91185,47.05532],[-122.91555,47.06342],[-122.92685,47.07762],[-122.93355,47.08062],[-122.93825,47.07942],[-122.93536,47.08302],[-122.93115,47.09392],[-122.93076,47.09662],[-122.93354,47.09931],[-122.93365,47.10202],[-122.92505,47.10772],[-122.92458,47.1195],[-122.92735,47.13162],[-122.92585,47.14702],[-122.93215,47.13852],[-122.93115,47.13702],[-122.93275,47.13832],[-122.94315,47.12612],[-122.94345,47.12142],[-122.93735,47.11192],[-122.93785,47.10862],[-122.94971,47.09814],[-122.94623,47.09636],[-122.9574,47.09655],[-122.96821,47.08934],[-122.98029,47.08409],[-122.98241,47.08095],[-122.99049,47.07949],[-123.00092,47.07376],[-123.00307,47.07457],[-123.00631,47.073],[-123.00816,47.06555],[-123.00572,47.06125],[-122.99512,47.059],[-122.98949,47.0552],[-122.99699,47.05744],[-122.99515,47.053],[-122.98959,47.0533],[-122.98708,47.05187],[-122.99224,47.05214],[-122.98872,47.04944],[-122.98882,47.04785],[-122.98609,47.04752],[-122.98855,47.04676],[-122.98618,47.04467],[-122.98881,47.04525],[-122.98589,47.04324],[-122.9903,47.04424],[-122.98604,47.04053],[-122.98786,47.03833],[-122.99079,47.03917],[-122.99167,47.03686],[-122.98957,47.03583],[-122.99177,47.03466],[-122.991,47.03572],[-122.99279,47.03689],[-122.99172,47.03904],[-122.99351,47.03975],[-122.9896,47.04116],[-122.99239,47.04265],[-122.99277,47.04477],[-122.98933,47.04679],[-122.99274,47.0498],[-122.99451,47.04922],[-122.99384,47.05108],[-122.99688,47.05115],[-122.99758,47.05349],[-123.00174,47.05201],[-122.9999,47.05441],[-123.00225,47.05651],[-123.01138,47.05858],[-123.01739,47.06646],[-123.01569,47.06879],[-123.01645,47.07465],[-123.00912,47.0815],[-122.99577,47.08535],[-122.9911,47.08455],[-122.98591,47.09345],[-122.98704,47.09546],[-122.98258,47.10136],[-122.96142,47.10456],[-122.95577,47.10767],[-122.9644,47.11677],[-122.96406,47.1245],[-122.95582,47.13726],[-122.95112,47.13878],[-122.93927,47.14761],[-122.93259,47.15011],[-122.92446,47.15771],[-122.91988,47.16587],[-122.9192,47.1736],[-122.92944,47.17672],[-122.93207,47.17553],[-122.93652,47.18069],[-122.94097,47.18286],[-122.94132,47.17172],[-122.95757,47.15915],[-122.95776,47.15582],[-122.95959,47.15713],[-122.96482,47.15363],[-122.96465,47.1519],[-122.96282,47.1515],[-122.96734,47.14795],[-122.96751,47.14614],[-122.96957,47.14683],[-122.97463,47.14485],[-122.98142,47.13714],[-122.98278,47.13657],[-122.98368,47.13827],[-122.98101,47.14116],[-122.98069,47.14453],[-122.98397,47.1485],[-123.00027,47.1459],[-123.00473,47.1412],[-123.00504,47.13715],[-123.00216,47.13445],[-122.99786,47.13508],[-122.99926,47.13425],[-122.99825,47.13341],[-123.00094,47.13346],[-123.0019,47.12917],[-123.00844,47.12437],[-123.01554,47.11556],[-123.02747,47.10887],[-123.04203,47.10524],[-123.04665,47.10773],[-123.04277,47.10969],[-123.04307,47.11122],[-123.06004,47.10905],[-123.0745,47.0995],[-123.0749,47.09747],[-123.0749,47.10051],[-123.07706,47.10285],[-123.08369,47.10616],[-123.0744,47.11004],[-123.06118,47.11987],[-123.05318,47.12119],[-123.04327,47.12016],[-123.03577,47.12146],[-123.03628,47.12323],[-123.03493,47.12183],[-123.02789,47.12112],[-123.02199,47.12368],[-123.02225,47.13391],[-123.01689,47.13974],[-123.01871,47.15443],[-123.01132,47.15352],[-122.99994,47.16425],[-122.98232,47.17077],[-122.96728,47.16863],[-122.96175,47.17045],[-122.95529,47.17818],[-122.95476,47.18545],[-122.94247,47.19522],[-122.94093,47.19431],[-122.93819,47.19807],[-122.94627,47.20356],[-122.95251,47.20047],[-122.96146,47.20214],[-122.97135,47.20157],[-122.98325,47.19917],[-122.9847,47.19661],[-123.00014,47.19924],[-123.00383,47.20107],[-123.0052,47.20435],[-123.01453,47.20349],[-123.03918,47.20537],[-123.05933,47.20219],[-123.075,47.20573],[-123.07584,47.20665],[-123.07446,47.20792],[-123.08432,47.20592],[-123.09301,47.20664],[-123.0953,47.20824],[-123.09219,47.20996],[-123.09197,47.21287],[-123.08448,47.21509],[-123.07148,47.22512],[-123.06336,47.22914],[-123.05275,47.23757],[-123.04849,47.24493],[-123.04027,47.24527],[-123.03838,47.24855],[-123.04016,47.25126],[-123.01645,47.26175],[-123.01711,47.25949],[-123.01233,47.25789],[-123.0132,47.25699],[-123.0215,47.25031],[-123.03429,47.24538],[-123.04728,47.23588],[-123.04494,47.23001],[-123.04206,47.22889],[-123.04366,47.22539],[-123.06614,47.21614],[-123.06975,47.21355],[-123.06986,47.21059],[-123.0641,47.2088],[-123.06159,47.20535],[-123.03837,47.20893],[-123.02717,47.20861],[-123.02342,47.20689],[-123.00424,47.20942],[-122.99926,47.20581],[-123.0,47.20316],[-122.99838,47.20112],[-122.98923,47.1998],[-122.98874,47.2024],[-122.97987,47.20402],[-122.97729,47.20299],[-122.96188,47.20788],[-122.96236,47.20638],[-122.96052,47.20511],[-122.95615,47.20646],[-122.95133,47.20573],[-122.95123,47.20299],[-122.94358,47.20754],[-122.9365,47.20506],[-122.93353,47.20898],[-122.93759,47.21578],[-122.94218,47.21689],[-122.9403,47.22514],[-122.93781,47.22624],[-122.93724,47.22434],[-122.93431,47.23249],[-122.93449,47.23364],[-122.93695,47.23155],[-122.93634,47.23485],[-122.93817,47.23695],[-122.93651,47.24089],[-122.94028,47.24282],[-122.94084,47.24475],[-122.93938,47.24706],[-122.93338,47.24733],[-122.93359,47.24624],[-122.9314,47.2469],[-122.93155,47.24546],[-122.92701,47.2506],[-122.92869,47.25406],[-122.92613,47.26251],[-122.92776,47.26312],[-122.92783,47.26622],[-122.93058,47.2644],[-122.92815,47.26811],[-122.9273,47.28074],[-122.92389,47.28202],[-122.92055,47.28743],[-122.91986,47.28647],[-122.92246,47.28387],[-122.91359,47.28884],[-122.90429,47.29153],[-122.90133,47.29409],[-122.90032,47.2924],[-122.88517,47.29505],[-122.87977,47.29919],[-122.87213,47.30093],[-122.86645,47.30562],[-122.85562,47.30997],[-122.84602,47.31141],[-122.84271,47.31424],[-122.84087,47.31851],[-122.84117,47.32246],[-122.84166,47.31887],[-122.84215,47.32087],[-122.84029,47.32696],[-122.84073,47.32239],[-122.83512,47.32531],[-122.83305,47.32818],[-122.83206,47.33519],[-122.83311,47.33755],[-122.82847,47.3452],[-122.83271,47.3429],[-122.82686,47.34965],[-122.8254,47.35482],[-122.82729,47.35703],[-122.82697,47.35578],[-122.83344,47.35252],[-122.82794,47.35691],[-122.82439,47.36321],[-122.82528,47.37118],[-122.82682,47.37114],[-122.82721,47.36772],[-122.82956,47.36562],[-122.82925,47.37464],[-122.83283,47.37651],[-122.82549,47.3866],[-122.82241,47.39723],[-122.82929,47.40464],[-122.82039,47.40553],[-122.81924,47.40691],[-122.81902,47.4042],[-122.82152,47.40349],[-122.81902,47.40392],[-122.81943,47.40282],[-122.81667,47.4015],[-122.81238,47.39183],[-122.81367,47.38417],[-122.81714,47.38043],[-122.81615,47.37232],[-122.81412,47.37013],[-122.81444,47.36776],[-122.81057,47.36705],[-122.80733,47.36315],[-122.80742,47.3573],[-122.79169,47.36052],[-122.78335,47.36752],[-122.78675,47.36182],[-122.78955,47.36002],[-122.78685,47.35852],[-122.79145,47.35612],[-122.79105,47.35262],[-122.79575,47.34783],[-122.79535,47.35022],[-122.79695,47.34862],[-122.79615,47.34692],[-122.77994,47.34202],[-122.76355,47.34212],[-122.77085,47.33862],[-122.77857,47.33794],[-122.78872,47.33843],[-122.78725,47.34102],[-122.78938,47.33796],[-122.79455,47.32002],[-122.79325,47.30852],[-122.79115,47.30682],[-122.78685,47.30962],[-122.78745,47.31122],[-122.78265,47.31382],[-122.78895,47.30572],[-122.78855,47.29982],[-122.78384,47.30052],[-122.78955,47.29872],[-122.79784,47.28752],[-122.80675,47.28182],[-122.81215,47.27522],[-122.81555,47.27552],[-122.82305,47.26272],[-122.82864,47.24692],[-122.83145,47.24422],[-122.82335,47.23402],[-122.82275,47.23052],[-122.81045,47.22562],[-122.80645,47.22112],[-122.79765,47.22032],[-122.80655,47.21902],[-122.80664,47.22052],[-122.80825,47.21582],[-122.80544,47.20922],[-122.79004,47.18762],[-122.78223,47.18493],[-122.76934,47.18922],[-122.77931,47.18206],[-122.77115,47.17362],[-122.77404,47.17511],[-122.77494,47.17382],[-122.77414,47.17032],[-122.76984,47.16662],[-122.76184,47.16772],[-122.74716,47.17931],[-122.74984,47.17772],[-122.74684,47.19092],[-122.74036,47.2002],[-122.74573,47.1987],[-122.74804,47.19182],[-122.74905,47.19182],[-122.74824,47.19702],[-122.75054,47.19902],[-122.75244,47.20822],[-122.75764,47.20612],[-122.75634,47.20892],[-122.75894,47.21352],[-122.75554,47.21022],[-122.75054,47.21612],[-122.74864,47.22062],[-122.75014,47.22552],[-122.74754,47.22042],[-122.74734,47.21092],[-122.74474,47.20652],[-122.73805,47.20841],[-122.73415,47.21322],[-122.71994,47.22102],[-122.72124,47.22172],[-122.72044,47.22622],[-122.72354,47.22712],[-122.72564,47.23432],[-122.72344,47.23912],[-122.72394,47.24472],[-122.71814,47.24902],[-122.71794,47.25082],[-122.72194,47.25062],[-122.72714,47.24422],[-122.73045,47.24452],[-122.73674,47.24912],[-122.73894,47.25792],[-122.73624,47.26392],[-122.73724,47.26552],[-122.74114,47.26042],[-122.75404,47.25942],[-122.75324,47.25872],[-122.75814,47.25432],[-122.75434,47.26222],[-122.74994,47.26372],[-122.74715,47.27262],[-122.74874,47.27422],[-122.75244,47.27212],[-122.75664,47.27242],[-122.76174,47.26892],[-122.76274,47.26982],[-122.76845,47.26802],[-122.77074,47.26832],[-122.76324,47.27197],[-122.75234,47.28082],[-122.75204,47.29062],[-122.74214,47.30822],[-122.73225,47.31842],[-122.72724,47.32962],[-122.72794,47.33312],[-122.72964,47.33392],[-122.72844,47.33172],[-122.73144,47.33232],[-122.73025,47.33332],[-122.73025,47.34082],[-122.73645,47.34572],[-122.73205,47.34522],[-122.73054,47.34732],[-122.73164,47.34462],[-122.72864,47.34262],[-122.72794,47.33862],[-122.72894,47.33902],[-122.72835,47.33822],[-122.72555,47.33832],[-122.71915,47.34212],[-122.71104,47.34432],[-122.70724,47.34892],[-122.69375,47.35522],[-122.69265,47.35881],[-122.69669,47.35537],[-122.69745,47.36372],[-122.69914,47.36932],[-122.70074,47.37022],[-122.69864,47.36985],[-122.69374,47.35992],[-122.68794,47.36052],[-122.68385,47.36522],[-122.67284,47.36772],[-122.66754,47.37072],[-122.62864,47.38342],[-122.63114,47.38402],[-122.63974,47.38072],[-122.63664,47.38492],[-122.63544,47.39932],[-122.63345,47.39992],[-122.63539,47.40345],[-122.63414,47.40352],[-122.6355,47.40352],[-122.63289,47.40721],[-122.63014,47.40797],[-122.63187,47.40918],[-122.62971,47.40912],[-122.63014,47.41167],[-122.62714,47.40352],[-122.63004,47.40222],[-122.63064,47.39982],[-122.62874,47.39892],[-122.63074,47.39702],[-122.63014,47.38932],[-122.62764,47.38592],[-122.62624,47.38714],[-122.62844,47.38512],[-122.62544,47.38082],[-122.62415,47.37174],[-122.63554,47.36662],[-122.63584,47.36222],[-122.65314,47.35532],[-122.65524,47.34922],[-122.65644,47.35062],[-122.65515,47.35052],[-122.65814,47.35152],[-122.67074,47.34322],[-122.67144,47.34212],[-122.66494,47.33782],[-122.66114,47.33802],[-122.65604,47.33249],[-122.65624,47.32662],[-122.65494,47.32642],[-122.65164,47.33022],[-122.65054,47.33002],[-122.65624,47.32392],[-122.65604,47.32592],[-122.65874,47.32452],[-122.65934,47.32262],[-122.66194,47.32452],[-122.67384,47.32282],[-122.68952,47.30901],[-122.68934,47.30722],[-122.68244,47.30232],[-122.68024,47.29782],[-122.68434,47.29212],[-122.68614,47.28372],[-122.68744,47.28802],[-122.68654,47.29352],[-122.68845,47.29782],[-122.68654,47.29932],[-122.68974,47.29802],[-122.69634,47.28712],[-122.69574,47.28272],[-122.69294,47.28032],[-122.68274,47.28012],[-122.68064,47.28103],[-122.68025,47.28202],[-122.68304,47.28122],[-122.67934,47.28652],[-122.67354,47.28762],[-122.66414,47.28512],[-122.65944,47.28222],[-122.65554,47.28252],[-122.63664,47.27712],[-122.62914,47.27732],[-122.62204,47.27202],[-122.61414,47.26972],[-122.59994,47.27232],[-122.59864,47.27702],[-122.60073,47.27972],[-122.59964,47.28062],[-122.60404,47.28372],[-122.60674,47.28852],[-122.61104,47.28922],[-122.61224,47.29592],[-122.61454,47.29742],[-122.61504,47.29572],[-122.61794,47.29842],[-122.61284,47.29792],[-122.61234,47.29952],[-122.60944,47.29122],[-122.60654,47.29102],[-122.60204,47.28552],[-122.58993,47.27972],[-122.59204,47.27562],[-122.59154,47.27112],[-122.59964,47.26362],[-122.59294,47.25942],[-122.58984,47.25532],[-122.58184,47.25504],[-122.57614,47.25712],[-122.55664,47.27332],[-122.54774,47.28522],[-122.57374,47.31842],[-122.57704,47.32872],[-122.58364,47.33402],[-122.58794,47.33382],[-122.59264,47.33732],[-122.58724,47.34022],[-122.58204,47.34632],[-122.58404,47.34342],[-122.58373,47.33941],[-122.57874,47.33602],[-122.57354,47.32782],[-122.57494,47.32642],[-122.57134,47.32722],[-122.55584,47.34752],[-122.54774,47.36602],[-122.54194,47.36982],[-122.53814,47.37682],[-122.54664,47.38322],[-122.54924,47.38722],[-122.55264,47.39382],[-122.55084,47.40322],[-122.55248,47.40343],[-122.54981,47.40935],[-122.54267,47.41628],[-122.54258,47.42144],[-122.5359,47.42421],[-122.53195,47.42978],[-122.53531,47.43334],[-122.53607,47.43669],[-122.53352,47.43877],[-122.53596,47.44914],[-122.53067,47.45606],[-122.53342,47.46258],[-122.53167,47.46464],[-122.53221,47.46951],[-122.52975,47.4725],[-122.52301,47.47574],[-122.51855,47.48276],[-122.51849,47.48923],[-122.51176,47.49261],[-122.50436,47.50044],[-122.50309,47.50432],[-122.49484,47.51054],[-122.49645,47.51198],[-122.49574,47.51295],[-122.49729,47.5125],[-122.50317,47.51816],[-122.51463,47.5193],[-122.51716,47.51675],[-122.51941,47.52188],[-122.51783,47.52245],[-122.52305,47.524],[-122.53291,47.52218],[-122.54501,47.5239],[-122.54747,47.51923],[-122.54721,47.52826],[-122.53967,47.54383],[-122.54291,47.557],[-122.53825,47.56287],[-122.53704,47.56325],[-122.53678,47.56189],[-122.53563,47.56078],[-122.53677,47.56332],[-122.53198,47.56527],[-122.54132,47.56879],[-122.54748,47.56769],[-122.55243,47.56993],[-122.54845,47.57395],[-122.54447,47.57362],[-122.547,47.57433],[-122.54414,47.57734],[-122.54965,47.5786],[-122.54813,47.58727],[-122.55495,47.5905],[-122.56753,47.58419],[-122.57025,47.58452],[-122.56923,47.58314],[-122.57649,47.57492],[-122.58108,47.57357],[-122.58182,47.57148],[-122.59038,47.56563],[-122.60739,47.54682],[-122.62132,47.54833],[-122.62709,47.54232],[-122.62851,47.54353],[-122.63422,47.542],[-122.63841,47.543],[-122.64661,47.53719],[-122.66186,47.53967],[-122.66923,47.53159],[-122.68592,47.5271],[-122.68869,47.52773],[-122.68904,47.52602],[-122.69182,47.52599],[-122.69251,47.52735],[-122.69805,47.52671],[-122.69586,47.52763],[-122.69756,47.52836],[-122.67652,47.53765],[-122.67556,47.54193],[-122.67205,47.54652],[-122.65675,47.55392],[-122.65635,47.55252],[-122.6553,47.55436],[-122.65375,47.55192],[-122.65375,47.55452],[-122.65235,47.55462],[-122.65175,47.55192],[-122.65235,47.55582],[-122.64995,47.55591],[-122.64985,47.55272],[-122.64935,47.5559],[-122.64755,47.55582],[-122.64735,47.55442],[-122.64485,47.55582],[-122.64435,47.55272],[-122.64435,47.55592],[-122.64385,47.55312],[-122.64255,47.55592],[-122.64185,47.55312],[-122.64175,47.55592],[-122.64055,47.55372],[-122.64055,47.55631],[-122.63865,47.55812],[-122.63635,47.55632],[-122.63625,47.55992],[-122.63435,47.55992],[-122.63345,47.55652],[-122.63305,47.56032],[-122.63175,47.55722],[-122.63115,47.56112],[-122.62975,47.55712],[-122.62965,47.56012],[-122.62835,47.55862],[-122.62835,47.56042],[-122.62805,47.55922],[-122.62286,47.56362],[-122.62375,47.57202],[-122.62825,47.57332],[-122.62705,47.57462],[-122.63095,47.57792],[-122.64765,47.57892],[-122.64875,47.58252],[-122.65666,47.58851],[-122.65965,47.58002],[-122.66655,47.58392],[-122.66655,47.58892],[-122.66605,47.58432],[-122.66125,47.59892],[-122.66815,47.60371],[-122.67105,47.60002],[-122.67295,47.57901],[-122.67425,47.59432],[-122.67805,47.59472],[-122.67925,47.59242],[-122.67725,47.59162],[-122.67795,47.58532],[-122.67635,47.57472],[-122.67345,47.57772],[-122.67175,47.57702],[-122.67075,47.57552],[-122.67195,47.57402],[-122.66795,47.56932],[-122.67265,47.56882],[-122.67935,47.57082],[-122.68035,47.57372],[-122.67845,47.57372],[-122.67805,47.58172],[-122.67945,47.58172],[-122.68075,47.57512],[-122.68435,47.57672],[-122.68965,47.58432],[-122.68685,47.58532],[-122.68865,47.58572],[-122.68665,47.58662],[-122.68865,47.58612],[-122.68785,47.58992],[-122.68436,47.59082],[-122.69325,47.59861],[-122.68755,47.59742],[-122.68565,47.60592],[-122.69106,47.60952],[-122.69405,47.60812],[-122.69646,47.60272],[-122.70056,47.60422],[-122.70486,47.60202],[-122.70676,47.60422],[-122.70756,47.61161],[-122.70906,47.61292],[-122.70706,47.61762],[-122.70826,47.62102],[-122.70646,47.62362],[-122.70676,47.62642],[-122.70266,47.63142],[-122.69906,47.64202],[-122.69286,47.64432],[-122.69406,47.64592],[-122.69236,47.64972],[-122.69045,47.64813],[-122.68545,47.65012],[-122.68236,47.64502],[-122.67126,47.63682],[-122.67305,47.63671],[-122.67265,47.63462],[-122.67606,47.63112],[-122.67754,47.62298],[-122.66035,47.61532],[-122.66085,47.60272],[-122.65645,47.59992],[-122.65615,47.59592],[-122.65285,47.59182],[-122.64655,47.58612],[-122.63865,47.58192],[-122.62895,47.58062],[-122.62365,47.57782],[-122.61365,47.56722],[-122.60795,47.56862],[-122.60294,47.57415],[-122.59185,47.59422],[-122.59375,47.59852],[-122.59815,47.60262],[-122.59515,47.60962],[-122.59555,47.61562],[-122.59115,47.63392],[-122.59215,47.63802],[-122.59495,47.63862],[-122.59915,47.63682],[-122.60245,47.63992],[-122.60365,47.64422],[-122.61845,47.65092],[-122.61446,47.65368],[-122.61289,47.66329],[-122.61539,47.66958],[-122.61588,47.68293],[-122.61872,47.69201],[-122.61683,47.69468],[-122.61893,47.69767],[-122.6144,47.6987],[-122.61386,47.70099],[-122.61704,47.70147],[-122.61861,47.70354],[-122.61785,47.70486],[-122.61872,47.70367],[-122.6312,47.7054],[-122.63306,47.70213],[-122.63012,47.70213],[-122.62595,47.69872],[-122.62772,47.69778],[-122.62823,47.69918],[-122.63446,47.69861],[-122.63909,47.70033],[-122.63642,47.70172],[-122.63614,47.71173],[-122.63807,47.71093],[-122.64054,47.70494],[-122.64396,47.71281],[-122.64609,47.71362],[-122.64799,47.70988],[-122.649,47.71352],[-122.6508,47.71254],[-122.65415,47.71989],[-122.6556,47.72019],[-122.65649,47.71763],[-122.65726,47.722],[-122.66224,47.72806],[-122.65702,47.73854],[-122.65359,47.74183],[-122.6525,47.74606],[-122.65071,47.74442],[-122.64956,47.73617],[-122.64489,47.73198],[-122.64391,47.7283],[-122.63304,47.72064],[-122.62726,47.72002],[-122.62336,47.71733],[-122.62457,47.71632],[-122.62349,47.71534],[-122.62692,47.71559],[-122.62841,47.71388],[-122.62744,47.70814],[-122.62548,47.70766],[-122.61834,47.7121],[-122.61333,47.71191],[-122.60455,47.70458],[-122.60413,47.69674],[-122.59354,47.69414],[-122.59157,47.69087],[-122.58839,47.69028],[-122.58701,47.69092],[-122.58596,47.69572],[-122.58179,47.69753],[-122.5819,47.70102],[-122.58292,47.69949],[-122.58196,47.70338],[-122.57391,47.71049],[-122.56951,47.71133],[-122.5646,47.71513],[-122.56013,47.72262],[-122.55477,47.72509],[-122.54945,47.7327],[-122.55111,47.74232],[-122.55765,47.74877],[-122.55738,47.74708],[-122.55931,47.7474],[-122.56081,47.75029],[-122.5547,47.75911],[-122.55599,47.76153],[-122.56077,47.76343],[-122.55931,47.76999],[-122.55999,47.76398],[-122.55222,47.76046],[-122.55043,47.75175],[-122.54396,47.74755],[-122.55463,47.74767],[-122.5524,47.74605],[-122.52871,47.7468],[-122.52618,47.74618],[-122.52614,47.74422],[-122.52535,47.74615],[-122.51932,47.74622],[-122.51387,47.74291],[-122.49688,47.74498],[-122.48849,47.74361],[-122.47734,47.74602],[-122.47185,47.74982],[-122.47375,47.75288],[-122.4705,47.75624],[-122.4714,47.76597],[-122.47809,47.76904],[-122.48299,47.77652],[-122.48225,47.77917],[-122.48355,47.78186],[-122.5002,47.78818],[-122.5065,47.79482],[-122.50636,47.79232],[-122.50861,47.79433],[-122.51115,47.79333],[-122.51186,47.79118],[-122.51295,47.79187],[-122.51216,47.79454],[-122.5102,47.79411],[-122.50229,47.79781],[-122.495,47.79477],[-122.49535,47.79704],[-122.48521,47.80413],[-122.48244,47.80926],[-122.4835,47.81177],[-122.48212,47.81401],[-122.4835,47.81707],[-122.50223,47.82639],[-122.50666,47.83287],[-122.50587,47.849],[-122.508,47.85144],[-122.50787,47.85503],[-122.51075,47.85732],[-122.51278,47.86388],[-122.51451,47.86495],[-122.51331,47.87076],[-122.51399,47.88081],[-122.52016,47.88744],[-122.52179,47.89317],[-122.52702,47.90028],[-122.5276,47.90588],[-122.52576,47.91221],[-122.53901,47.91251],[-122.54907,47.91907],[-122.58888,47.92129],[-122.59862,47.92759],[-122.60151,47.93173],[-122.60342,47.94016],[-122.61386,47.94043],[-122.61756,47.93862],[-122.61851,47.93441],[-122.62086,47.93236],[-122.61337,47.9298],[-122.61711,47.92539],[-122.59623,47.92021],[-122.59518,47.91775],[-122.58514,47.91034],[-122.59024,47.90908],[-122.58463,47.90872],[-122.58191,47.90588],[-122.5849,47.90675],[-122.58504,47.90365],[-122.58697,47.90424],[-122.58746,47.90819],[-122.59224,47.90668],[-122.58952,47.90609],[-122.58598,47.9016],[-122.57901,47.88475],[-122.57405,47.87748],[-122.57279,47.86334],[-122.57367,47.85758],[-122.57612,47.85475],[-122.57156,47.85269],[-122.56827,47.84467],[-122.56677,47.83928],[-122.56773,47.8374],[-122.56606,47.83475],[-122.56891,47.82952],[-122.56657,47.82381],[-122.56508,47.82333],[-122.56324,47.82518],[-122.56375,47.82186],[-122.57333,47.81928],[-122.5756,47.81478],[-122.57915,47.81446],[-122.58031,47.81197],[-122.58089,47.81496],[-122.57814,47.81748],[-122.58405,47.82362],[-122.58633,47.84085],[-122.58196,47.85379],[-122.57873,47.85605],[-122.58141,47.85671],[-122.5807,47.85783],[-122.59004,47.85644],[-122.6081,47.85673],[-122.61458,47.85081],[-122.62319,47.8362],[-122.63154,47.8349],[-122.6405,47.83001],[-122.64811,47.82512],[-122.65531,47.81425],[-122.66559,47.81224],[-122.67492,47.80372],[-122.68201,47.80088],[-122.68408,47.79857],[-122.69056,47.77837],[-122.69429,47.77606],[-122.70236,47.77483],[-122.70772,47.76966],[-122.7148,47.76818],[-122.71971,47.76098],[-122.72269,47.74883],[-122.72716,47.74727],[-122.72912,47.74094],[-122.73301,47.73763],[-122.74016,47.73623],[-122.73934,47.732],[-122.74371,47.72942],[-122.74255,47.72768],[-122.74502,47.72279],[-122.74881,47.72011],[-122.74876,47.7083],[-122.74483,47.69932],[-122.7464,47.68704],[-122.74536,47.68251],[-122.7529,47.6675],[-122.77164,47.66102],[-122.77588,47.66104],[-122.78126,47.65798],[-122.79222,47.65629],[-122.79371,47.65538],[-122.7931,47.65424],[-122.80209,47.65287],[-122.8353,47.63696],[-122.83754,47.6395],[-122.83683,47.6416],[-122.82983,47.65154],[-122.82743,47.65244],[-122.82807,47.65465],[-122.85293,47.64824],[-122.86232,47.63533],[-122.85904,47.63432],[-122.8609,47.63316],[-122.863,47.63489],[-122.86691,47.63281],[-122.86893,47.63111],[-122.86644,47.6311],[-122.86763,47.62746],[-122.87093,47.6252],[-122.87184,47.62616],[-122.86945,47.6295],[-122.86779,47.629],[-122.86826,47.63014],[-122.86678,47.63039],[-122.86962,47.63103],[-122.87101,47.63253],[-122.87472,47.63335],[-122.89164,47.62811],[-122.89705,47.62481],[-122.917,47.62189],[-122.91592,47.61976],[-122.91964,47.61528],[-122.91555,47.60941],[-122.9171,47.60884],[-122.92241,47.59798],[-122.92819,47.59645],[-122.936,47.58999],[-122.94457,47.58562],[-122.96471,47.58509],[-122.96461,47.58251],[-122.96764,47.57938],[-122.97088,47.57101],[-122.96983,47.56736],[-122.97635,47.5658],[-122.97509,47.55954],[-122.98495,47.55743],[-122.9955,47.54383],[-123.00596,47.53398],[-123.01328,47.52909],[-123.01764,47.52861],[-123.03098,47.51086],[-123.03162,47.50007],[-123.03544,47.49127],[-123.04364,47.48192],[-123.06107,47.46973],[-123.06867,47.45765],[-123.07749,47.44824],[-123.08207,47.44581],[-123.08095,47.44451],[-123.08408,47.44391],[-123.08738,47.4363],[-123.09226,47.43222],[-123.10262,47.41735],[-123.10161,47.41577],[-123.10316,47.41248],[-123.11015,47.40443],[-123.1121,47.39826],[-123.11953,47.39097],[-123.11852,47.38907],[-123.11288,47.38676],[-123.11414,47.38575],[-123.11386,47.37553],[-123.1106,47.37339],[-123.09667,47.37392],[-123.09098,47.37194],[-123.08244,47.37518],[-123.07136,47.37169],[-123.05451,47.36931],[-123.0502,47.37429],[-123.04563,47.37482],[-123.04565,47.37349],[-123.04795,47.374],[-123.05109,47.37169],[-123.05165,47.36381],[-123.04096,47.35868],[-123.03026,47.35911],[-123.0241,47.3614],[-123.01865,47.3715],[-123.01669,47.37232],[-123.01643,47.37555],[-123.01295,47.37907],[-123.00255,47.38407],[-122.98614,47.38885],[-122.97794,47.3958],[-122.97255,47.3972],[-122.96575,47.39656],[-122.96195,47.39944],[-122.9432,47.40375],[-122.91529,47.41436],[-122.90566,47.41537],[-122.90324,47.41707],[-122.90134,47.42176],[-122.89515,47.42325],[-122.89134,47.42639],[-122.88289,47.42553],[-122.86774,47.4316],[-122.85531,47.43969],[-122.84801,47.43921],[-122.84325,47.43619],[-122.84422,47.43554],[-122.84252,47.43539],[-122.8426,47.43341],[-122.84652,47.43199],[-122.84524,47.43347],[-122.85112,47.43281],[-122.85594,47.42693],[-122.8718,47.41682],[-122.87846,47.40875],[-122.88543,47.4083],[-122.89183,47.40512],[-122.91261,47.38883],[-122.91991,47.38964],[-122.92277,47.38787],[-122.92772,47.38822],[-122.93987,47.3833],[-122.94919,47.38255],[-122.96006,47.3793],[-122.97349,47.37935],[-122.98051,47.37541],[-122.98822,47.3736],[-123.00701,47.36352],[-123.0193,47.35456],[-123.02589,47.35251],[-123.04036,47.34995],[-123.06894,47.34872],[-123.07229,47.3492],[-123.07188,47.35202],[-123.07382,47.35321],[-123.07969,47.35281],[-123.08236,47.35612],[-123.10481,47.35794],[-123.11146,47.33919],[-123.11692,47.3388],[-123.1138,47.34169],[-123.11269,47.34053],[-123.11132,47.34187],[-123.11625,47.34359],[-123.1176,47.33883],[-123.12032,47.33977],[-123.11993,47.3376],[-123.12186,47.33416],[-123.12129,47.33866],[-123.12876,47.33613],[-123.12811,47.33796],[-123.12989,47.33755],[-123.12749,47.3412],[-123.13821,47.34277],[-123.15752,47.35073],[-123.15623,47.35124],[-123.15955,47.35455],[-123.15503,47.36079],[-123.15513,47.36457],[-123.15842,47.36947],[-123.14835,47.37571],[-123.14934,47.3813],[-123.14611,47.38649],[-123.14098,47.40403],[-123.13119,47.41673],[-123.131,47.42055],[-123.12805,47.42587],[-123.12382,47.43197],[-123.12044,47.43373],[-123.12031,47.43957],[-123.11361,47.44588],[-123.11012,47.45521],[-123.11227,47.45724],[-123.10711,47.46118],[-123.10074,47.46322],[-123.09144,47.47166],[-123.08886,47.47237],[-123.08713,47.47765],[-123.08018,47.48199],[-123.07429,47.4891],[-123.05766,47.50201],[-123.05513,47.50746],[-123.05716,47.5098],[-123.04891,47.52674],[-123.05003,47.52867],[-123.04345,47.53397],[-123.03713,47.54551],[-123.04266,47.5459],[-123.03939,47.54794],[-123.0437,47.54914],[-123.03942,47.55006],[-123.0415,47.55042],[-123.04007,47.55095],[-123.03228,47.55128],[-123.01524,47.56484],[-123.01413,47.56945],[-123.01021,47.57158],[-123.00906,47.57493],[-123.00662,47.5766],[-123.00499,47.58296],[-122.99701,47.58979],[-122.9884,47.60184],[-122.98273,47.60321],[-122.98228,47.60596],[-122.98738,47.60614],[-122.98355,47.60917],[-122.98409,47.61137],[-122.98179,47.61503],[-122.96686,47.61871],[-122.96199,47.62312],[-122.95567,47.62446],[-122.95885,47.62748],[-122.95344,47.62713],[-122.94134,47.63173],[-122.94191,47.63621],[-122.93637,47.63808],[-122.93583,47.64551],[-122.93407,47.64523],[-122.93261,47.64704],[-122.93498,47.65012],[-122.93282,47.6501],[-122.93525,47.65175],[-122.93048,47.64951],[-122.93052,47.652],[-122.92413,47.65076],[-122.91682,47.64615],[-122.90329,47.64582],[-122.90488,47.64868],[-122.90173,47.65058],[-122.90112,47.65295],[-122.90548,47.6578],[-122.9043,47.66114],[-122.90244,47.66151],[-122.90411,47.67206],[-122.89759,47.67891],[-122.89904,47.6841],[-122.8967,47.68483],[-122.89795,47.68876],[-122.89562,47.68529],[-122.89159,47.68707],[-122.89365,47.68844],[-122.89095,47.68808],[-122.89047,47.69],[-122.89203,47.69139],[-122.88888,47.69025],[-122.89334,47.69448],[-122.89199,47.69555],[-122.89317,47.69733],[-122.89683,47.69452],[-122.8991,47.69519],[-122.89476,47.69674],[-122.89734,47.69706],[-122.89483,47.6974],[-122.89378,47.70222],[-122.89493,47.70549],[-122.88629,47.7112],[-122.88274,47.73184],[-122.87949,47.73298],[-122.87288,47.73079],[-122.87292,47.73547],[-122.8758,47.73988],[-122.8734,47.74203],[-122.87524,47.7453],[-122.86192,47.74462],[-122.85635,47.73619],[-122.85358,47.73605],[-122.85155,47.73866],[-122.85291,47.74551],[-122.84905,47.75222],[-122.85021,47.76113],[-122.85824,47.76412],[-122.86411,47.7702],[-122.86643,47.77763],[-122.86463,47.78083],[-122.86732,47.78359],[-122.86695,47.7878],[-122.86919,47.79328],[-122.86851,47.79881],[-122.86621,47.80105],[-122.86812,47.804],[-122.86758,47.80686],[-122.87145,47.8101],[-122.86606,47.81335],[-122.86446,47.8157],[-122.86525,47.81707],[-122.86213,47.81897],[-122.86467,47.81963],[-122.86288,47.82232],[-122.86451,47.82313],[-122.85999,47.82514],[-122.8601,47.82937],[-122.85086,47.82414],[-122.84916,47.81904],[-122.85004,47.81513],[-122.84542,47.80586],[-122.84508,47.80145],[-122.84956,47.79649],[-122.85077,47.78554],[-122.85395,47.78334],[-122.85321,47.78083],[-122.84191,47.77953],[-122.83212,47.78333],[-122.82327,47.789],[-122.81727,47.80321],[-122.81567,47.81039],[-122.81852,47.80979],[-122.81713,47.80902],[-122.81825,47.80835],[-122.82562,47.82117],[-122.82158,47.82767],[-122.82236,47.83217],[-122.81982,47.84062],[-122.81517,47.84337],[-122.81418,47.84586],[-122.80933,47.84652],[-122.81306,47.84778],[-122.80661,47.85002],[-122.81391,47.84894],[-122.81187,47.85271],[-122.81384,47.85289],[-122.81422,47.85443],[-122.81354,47.86051],[-122.8062,47.85495],[-122.8043,47.85098],[-122.80637,47.84705],[-122.80389,47.84272],[-122.80511,47.84092],[-122.8043,47.83427],[-122.80675,47.83722],[-122.80801,47.84272],[-122.8096,47.84257],[-122.804,47.83098],[-122.79714,47.82647],[-122.79365,47.8206],[-122.79549,47.81155],[-122.78653,47.80428],[-122.78863,47.7992],[-122.78878,47.7855],[-122.79611,47.77352],[-122.79506,47.77051],[-122.79971,47.76185],[-122.79971,47.75778],[-122.8097,47.74723],[-122.80611,47.7337],[-122.80764,47.73041],[-122.81299,47.72593],[-122.81096,47.72075],[-122.81204,47.71652],[-122.81563,47.71261],[-122.82484,47.71042],[-122.82704,47.70614],[-122.82799,47.69645],[-122.83235,47.69142],[-122.81004,47.68173],[-122.79962,47.68557],[-122.7852,47.68676],[-122.7738,47.69032],[-122.77074,47.69265],[-122.77159,47.69457],[-122.7836,47.70408],[-122.78103,47.71378],[-122.78329,47.72239],[-122.77149,47.73991],[-122.76603,47.74375],[-122.75887,47.74574],[-122.75761,47.74982],[-122.75586,47.75079],[-122.75765,47.75845],[-122.75494,47.76156],[-122.75347,47.7667],[-122.74918,47.76842],[-122.75151,47.77278],[-122.7457,47.7759],[-122.7494,47.78069],[-122.74924,47.78752],[-122.74371,47.79351],[-122.74827,47.80169],[-122.74363,47.80905],[-122.73942,47.81059],[-122.73196,47.80974],[-122.7229,47.8115],[-122.71316,47.81683],[-122.70418,47.82492],[-122.69355,47.82783],[-122.6886,47.83144],[-122.68282,47.84165],[-122.68415,47.84163],[-122.68741,47.83608],[-122.68429,47.84257],[-122.68605,47.85406],[-122.68806,47.85831],[-122.69097,47.86012],[-122.69376,47.868],[-122.66642,47.8675],[-122.65008,47.86386],[-122.63636,47.86619],[-122.63388,47.8684],[-122.6321,47.87719],[-122.62993,47.879],[-122.6302,47.88409],[-122.62727,47.88836],[-122.63209,47.88674],[-122.63318,47.88457],[-122.63528,47.88889],[-122.62495,47.88855],[-122.62501,47.87922],[-122.6228,47.8774],[-122.62015,47.87799],[-122.61445,47.88611],[-122.61034,47.88734],[-122.61887,47.89024],[-122.63742,47.88995],[-122.64649,47.89477],[-122.64734,47.89934],[-122.65508,47.90506],[-122.65399,47.91589],[-122.65106,47.92099],[-122.65609,47.92451],[-122.65747,47.93088],[-122.55102,47.97213],[-122.54865,47.97134],[-122.54576,47.96709],[-122.52248,47.97249],[-122.51778,47.97492],[-122.51591,47.98029],[-122.50998,47.98369],[-122.4875,47.99073],[-122.48666,47.99254],[-122.48989,47.99068],[-122.49224,47.99233],[-122.49139,47.99535],[-122.48094,47.99622],[-122.48059,47.99144],[-122.48608,47.99354],[-122.48465,47.99105],[-122.47266,47.98845],[-122.47164,47.98676],[-122.4714,47.98804],[-122.47014,47.98758],[-122.4668,47.98235],[-122.47099,47.98607],[-122.47082,47.98468],[-122.46254,47.97632],[-122.45315,47.97033],[-122.44668,47.96315],[-122.44076,47.95185],[-122.44079,47.94659],[-122.44575,47.93619],[-122.44552,47.93023],[-122.43069,47.91766],[-122.43185,47.91421],[-122.41927,47.91213],[-122.41231,47.91286],[-122.40453,47.9214],[-122.38721,47.92403],[-122.38673,47.92507],[-122.39078,47.92551],[-122.39251,47.92755],[-122.38884,47.92697],[-122.38639,47.92574],[-122.38639,47.92302],[-122.39494,47.91271],[-122.39207,47.91849],[-122.3934,47.91945],[-122.39735,47.91233],[-122.39276,47.9067],[-122.37992,47.90412],[-122.37625,47.90715],[-122.37584,47.90935],[-122.37684,47.92371],[-122.36641,47.934],[-122.35881,47.93742],[-122.3571,47.94388],[-122.35074,47.95324],[-122.3496,47.9588],[-122.35354,47.98381],[-122.36916,47.9953],[-122.37326,48.00079],[-122.37453,48.02514],[-122.3763,48.03108],[-122.37266,48.04022],[-122.36422,48.05469],[-122.3573,48.0568],[-122.33758,48.09629],[-122.32611,48.09287],[-122.32209,48.08705],[-122.32128,48.0808],[-122.30137,48.07168],[-122.29847,48.06799],[-122.29827,48.06499],[-122.29416,48.06165],[-122.29157,48.06493],[-122.28061,48.06296]],[[-122.30979,48.01062],[-122.30971,48.0128],[-122.31583,48.0139],[-122.31698,48.01609],[-122.32122,48.01738],[-122.32236,48.02104],[-122.32999,48.02114],[-122.33433,48.01931],[-122.32555,48.00995],[-122.30663,48.0044],[-122.30338,48.00589],[-122.30979,48.01062]],[[-122.56598,47.69309],[-122.56512,47.68162],[-122.56276,47.67735],[-122.55989,47.67645],[-122.55801,47.67236],[-122.55447,47.67258],[-122.55783,47.67149],[-122.55946,47.67341],[-122.56267,47.67353],[-122.56894,47.66369],[-122.56978,47.67364],[-122.57251,47.67468],[-122.58635,47.66521],[-122.5938,47.66321],[-122.59053,47.6625],[-122.58982,47.65963],[-122.59113,47.66141],[-122.59091,47.66043],[-122.5852,47.65371],[-122.58623,47.65352],[-122.58136,47.64546],[-122.57851,47.64322],[-122.57747,47.62105],[-122.57414,47.61554],[-122.57689,47.60076],[-122.57417,47.59509],[-122.5699,47.59156],[-122.56621,47.5909],[-122.55992,47.59548],[-122.55504,47.60232],[-122.54873,47.60372],[-122.54573,47.59743],[-122.54062,47.5965],[-122.53506,47.59272],[-122.52453,47.57837],[-122.5258,47.57744],[-122.51988,47.57417],[-122.50367,47.57518],[-122.49285,47.58093],[-122.47916,47.58348],[-122.4842,47.58686],[-122.51853,47.59605],[-122.51694,47.59736],[-122.5165,47.59618],[-122.49748,47.59731],[-122.49914,47.60512],[-122.49766,47.61095],[-122.50014,47.61778],[-122.50384,47.61851],[-122.50227,47.61712],[-122.50346,47.61622],[-122.50814,47.61659],[-122.51221,47.61493],[-122.51225,47.61616],[-122.52655,47.61796],[-122.53062,47.62263],[-122.53702,47.62296],[-122.53923,47.62655],[-122.53935,47.62783],[-122.53773,47.62741],[-122.53647,47.62472],[-122.53294,47.62437],[-122.53039,47.62543],[-122.52949,47.62508],[-122.52557,47.62002],[-122.52031,47.62302],[-122.51575,47.62257],[-122.51519,47.62419],[-122.51577,47.62022],[-122.51355,47.62022],[-122.51213,47.62225],[-122.50244,47.62645],[-122.49548,47.62121],[-122.49102,47.6206],[-122.49464,47.62458],[-122.4932,47.6291],[-122.48901,47.63354],[-122.5017,47.63882],[-122.51256,47.64976],[-122.51828,47.65132],[-122.51791,47.65322],[-122.50225,47.65885],[-122.49836,47.66202],[-122.50616,47.66633],[-122.50871,47.67084],[-122.5083,47.68082],[-122.5045,47.68558],[-122.50611,47.6878],[-122.50363,47.69349],[-122.50649,47.70291],[-122.51187,47.7089],[-122.51556,47.70805],[-122.51852,47.70524],[-122.52508,47.70771],[-122.52681,47.7015],[-122.526,47.6985],[-122.53639,47.69471],[-122.54147,47.69625],[-122.54303,47.69138],[-122.54577,47.69145],[-122.54879,47.69236],[-122.54246,47.69791],[-122.53832,47.69903],[-122.53677,47.69805],[-122.53639,47.70011],[-122.53375,47.70159],[-122.53291,47.70011],[-122.53084,47.70033],[-122.52972,47.70429],[-122.54215,47.70971],[-122.54411,47.71819],[-122.54851,47.72097],[-122.55349,47.72095],[-122.56473,47.71078],[-122.56331,47.7005],[-122.56598,47.69309]],[[-122.49777,47.53242],[-122.48974,47.52956],[-122.48457,47.53053],[-122.48606,47.53638],[-122.48017,47.54182],[-122.49448,47.54611],[-122.50576,47.54382],[-122.49777,47.53242]],[[-122.4844,47.48009],[-122.49836,47.47567],[-122.49886,47.46953],[-122.50321,47.46599],[-122.50372,47.46342],[-122.50928,47.461],[-122.508,47.4595],[-122.50985,47.45741],[-122.5095,47.45463],[-122.51206,47.45417],[-122.51408,47.44756],[-122.51295,47.44176],[-122.51458,47.43999],[-122.51133,47.43145],[-122.51313,47.4203],[-122.51499,47.41782],[-122.5135,47.41444],[-122.5214,47.40726],[-122.52247,47.40498],[-122.52029,47.40292],[-122.52697,47.39895],[-122.52592,47.39059],[-122.51485,47.37762],[-122.51607,47.36948],[-122.52341,47.36565],[-122.52798,47.35096],[-122.52813,47.34554],[-122.52636,47.34167],[-122.51885,47.33332],[-122.50832,47.33313],[-122.5023,47.33035],[-122.49163,47.33112],[-122.49082,47.34686],[-122.48412,47.37982],[-122.47849,47.38252],[-122.47742,47.38525],[-122.46923,47.38722],[-122.4509,47.38356],[-122.44515,47.39026],[-122.44873,47.39379],[-122.45352,47.39541],[-122.46461,47.38983],[-122.46609,47.39265],[-122.46279,47.39996],[-122.46464,47.40148],[-122.46172,47.40077],[-122.45557,47.40288],[-122.44869,47.40291],[-122.44538,47.4053],[-122.43914,47.40534],[-122.43848,47.39442],[-122.43656,47.39201],[-122.4335,47.39148],[-122.43242,47.38902],[-122.44185,47.38359],[-122.44877,47.37482],[-122.45418,47.3708],[-122.46394,47.37392],[-122.46624,47.36788],[-122.47272,47.36145],[-122.47666,47.35281],[-122.47559,47.34882],[-122.47106,47.34494],[-122.46197,47.343],[-122.454,47.34334],[-122.4484,47.35499],[-122.4449,47.35715],[-122.44413,47.36033],[-122.43105,47.36916],[-122.42244,47.37087],[-122.41796,47.37489],[-122.40387,47.37926],[-122.39968,47.38222],[-122.37848,47.38533],[-122.37363,47.38872],[-122.39505,47.39928],[-122.42733,47.40213],[-122.43665,47.40646],[-122.43999,47.41808],[-122.43066,47.42151],[-122.42979,47.42307],[-122.43946,47.43567],[-122.43854,47.44235],[-122.44004,47.44972],[-122.44367,47.45239],[-122.43339,47.46643],[-122.44398,47.47189],[-122.44746,47.47833],[-122.45797,47.48432],[-122.46011,47.48705],[-122.45924,47.49118],[-122.4605,47.49477],[-122.45232,47.50327],[-122.4678,47.50996],[-122.47327,47.51118],[-122.47677,47.51012],[-122.48161,47.48246],[-122.4844,47.48009]],[[-122.62744,47.26502],[-122.62894,47.26772],[-122.63364,47.26492],[-122.63434,47.26652],[-122.63914,47.26192],[-122.64724,47.26592],[-122.64924,47.26852],[-122.64724,47.26802],[-122.64654,47.27112],[-122.64834,47.27162],[-122.65214,47.26932],[-122.65004,47.27532],[-122.65264,47.27272],[-122.65414,47.27452],[-122.65684,47.27402],[-122.66564,47.27742],[-122.66424,47.27852],[-122.66964,47.27462],[-122.66684,47.26892],[-122.66044,47.26542],[-122.64094,47.24722],[-122.63464,47.24382],[-122.63204,47.23942],[-122.62694,47.23592],[-122.61262,47.22001],[-122.60634,47.21772],[-122.60214,47.21842],[-122.59054,47.22792],[-122.58984,47.23712],[-122.59544,47.23872],[-122.59594,47.23672],[-122.59624,47.23942],[-122.60024,47.24222],[-122.60094,47.23852],[-122.60244,47.23972],[-122.60164,47.24212],[-122.60824,47.25082],[-122.62013,47.25761],[-122.62854,47.26032],[-122.62744,47.26502]],[[-122.67524,47.22292],[-122.67924,47.23072],[-122.68474,47.23172],[-122.69134,47.22942],[-122.70364,47.23122],[-122.70594,47.22382],[-122.71514,47.21742],[-122.72024,47.21042],[-122.72694,47.20782],[-122.72734,47.20572],[-122.71914,47.20042],[-122.69794,47.19782],[-122.69004,47.19322],[-122.68104,47.19172],[-122.65975,47.19432],[-122.64354,47.19952],[-122.64274,47.20642],[-122.64904,47.21532],[-122.65774,47.21672],[-122.66244,47.21202],[-122.66894,47.21532],[-122.66704,47.22292],[-122.67524,47.22292]],[[-122.70994,47.18522],[-122.71294,47.18002],[-122.71275,47.18191],[-122.71854,47.17692],[-122.71944,47.17792],[-122.71746,47.17862],[-122.72024,47.17812],[-122.72634,47.17252],[-122.72824,47.16232],[-122.724,47.16196],[-122.71938,47.15704],[-122.72113,47.15647],[-122.72483,47.15981],[-122.72734,47.15972],[-122.74164,47.15362],[-122.74034,47.14952],[-122.73304,47.14632],[-122.73104,47.14802],[-122.73034,47.14442],[-122.73269,47.14587],[-122.72824,47.14032],[-122.72134,47.13712],[-122.70954,47.12722],[-122.70364,47.12882],[-122.70324,47.12432],[-122.69904,47.12422],[-122.69334,47.12952],[-122.69845,47.13592],[-122.70114,47.13632],[-122.70354,47.13142],[-122.70344,47.13402],[-122.70954,47.14242],[-122.70904,47.14692],[-122.70434,47.13882],[-122.69724,47.13982],[-122.69874,47.14632],[-122.70034,47.14822],[-122.70304,47.14832],[-122.70084,47.14972],[-122.69854,47.14602],[-122.69294,47.14572],[-122.68354,47.14032],[-122.67604,47.14282],[-122.67854,47.14512],[-122.67794,47.14882],[-122.67384,47.15032],[-122.67544,47.15252],[-122.67314,47.17362],[-122.68393,47.18201],[-122.68304,47.18112],[-122.68364,47.18052],[-122.68824,47.18312],[-122.69804,47.18402],[-122.70594,47.18742],[-122.70994,47.18522]],[[-122.63884,47.14682],[-122.63014,47.15412],[-122.62874,47.15742],[-122.63064,47.16732],[-122.63283,47.16562],[-122.64044,47.14842],[-122.63884,47.14682]],[[-122.84421,47.20012],[-122.84213,47.2077],[-122.84346,47.21185],[-122.85652,47.22699],[-122.85683,47.23518],[-122.86389,47.23546],[-122.86318,47.23624],[-122.87151,47.2453],[-122.872,47.24754],[-122.86968,47.25041],[-122.86648,47.26572],[-122.86376,47.26975],[-122.86414,47.27147],[-122.8685,47.27153],[-122.87229,47.27356],[-122.87101,47.2793],[-122.85948,47.28602],[-122.85545,47.294],[-122.84786,47.29819],[-122.84726,47.30055],[-122.85014,47.30152],[-122.85673,47.29685],[-122.86385,47.29543],[-122.87072,47.29063],[-122.87625,47.29019],[-122.88428,47.28585],[-122.897,47.28549],[-122.90218,47.28304],[-122.90836,47.28397],[-122.91222,47.2826],[-122.91892,47.27523],[-122.9177,47.25593],[-122.92041,47.2496],[-122.91882,47.24845],[-122.92071,47.24493],[-122.9221,47.24662],[-122.92409,47.24454],[-122.9256,47.23817],[-122.92432,47.2373],[-122.92543,47.23667],[-122.92345,47.22962],[-122.91903,47.2237],[-122.91054,47.22155],[-122.90604,47.21643],[-122.90172,47.21462],[-122.89813,47.20857],[-122.89478,47.20808],[-122.89179,47.20554],[-122.88186,47.18106],[-122.87614,47.17292],[-122.8763,47.16597],[-122.87971,47.16275],[-122.87474,47.16424],[-122.8705,47.16857],[-122.8637,47.17068],[-122.85892,47.17409],[-122.8509,47.18403],[-122.84991,47.18983],[-122.84421,47.20012]],[[-122.89809,47.18381],[-122.90304,47.18398],[-122.89902,47.1932],[-122.9016,47.1946],[-122.90529,47.19133],[-122.90691,47.19979],[-122.90958,47.20292],[-122.91011,47.20948],[-122.92023,47.21956],[-122.92211,47.22349],[-122.92768,47.22589],[-122.93087,47.21935],[-122.92785,47.21328],[-122.92481,47.21286],[-122.92158,47.20774],[-122.92432,47.19531],[-122.92043,47.19593],[-122.91858,47.19877],[-122.91856,47.1965],[-122.91354,47.19755],[-122.9133,47.19604],[-122.91847,47.19371],[-122.91984,47.19106],[-122.91856,47.18802],[-122.91499,47.19019],[-122.91424,47.1861],[-122.91546,47.18142],[-122.92717,47.18368],[-122.92445,47.19025],[-122.92715,47.19127],[-122.93175,47.1872],[-122.93582,47.18719],[-122.93655,47.18301],[-122.93185,47.1795],[-122.92084,47.18117],[-122.91727,47.17728],[-122.91158,47.18436],[-122.91224,47.18156],[-122.90456,47.17928],[-122.90479,47.17649],[-122.90058,47.17158],[-122.89307,47.16787],[-122.89108,47.17011],[-122.892,47.17473],[-122.89482,47.17438],[-122.89809,47.18381]],[[-122.84005,47.26112],[-122.84154,47.26042],[-122.84145,47.25782],[-122.8348,47.25681],[-122.82475,47.27092],[-122.83285,47.27292],[-122.84095,47.26762],[-122.84005,47.26112]],[[-122.82906,47.33104],[-122.83332,47.32449],[-122.83067,47.32336],[-122.83011,47.32113],[-122.83462,47.31554],[-122.83269,47.31451],[-122.82426,47.31876],[-122.81946,47.32981],[-122.82906,47.33104]]]}}]}
